id,class
0,12
1,13
2,5
3,8
4,13
5,5
6,8
7,9
8,13
9,5
10,7
11,12
12,13
13,9
14,10
15,6
16,13
17,11
18,11
19,10
20,10
21,12
22,13
23,13
24,13
25,6
26,7
27,7
28,7
29,8
30,13
31,5
32,8
33,13
34,13
35,6
36,10
37,10
38,9
39,7
40,7
41,10
42,9
43,6
44,7
45,13
46,7
47,8
48,13
49,11
50,8
51,9
52,10
53,5
54,7
55,13
56,11
57,5
58,9
59,11
60,12
61,9
62,12
63,8
64,12
65,9
66,5
67,9
68,11
69,8
70,9
71,13
72,7
73,12
74,5
75,11
76,10
77,7
78,9
79,11
80,10
81,11
82,13
83,9
84,10
85,5
86,7
87,11
88,12
89,12
90,6
91,12
92,9
93,6
94,8
95,11
96,12
97,9
98,7
99,5
100,5
101,12
102,7
103,13
104,5
105,9
106,5
107,9
108,12
109,8
110,9
111,7
112,10
113,11
114,12
115,5
116,9
117,6
118,6
119,9
120,8
121,6
122,10
123,8
124,7
125,6
126,10
127,13
128,12
129,6
130,13
131,10
132,9
133,11
134,11
135,13
136,8
137,10
138,9
139,10
140,12
141,8
142,13
143,7
144,9
145,11
146,12
147,6
148,11
149,13
150,7
151,8
152,11
153,10
154,10
155,10
156,6
157,5
158,8
159,12
160,5
161,11
162,11
163,11
164,7
165,13
166,7
167,9
168,7
169,8
170,9
171,13
172,11
173,6
174,11
175,6
176,8
177,6
178,11
179,13
180,7
181,6
182,13
183,13
184,5
185,5
186,11
187,12
188,11
189,8
190,11
191,9
192,7
193,8
194,8
195,6
196,5
197,11
198,9
199,6
200,5
201,8
202,12
203,11
204,11
205,6
206,5
207,8
208,7
209,7
210,9
211,6
212,5
213,13
214,11
215,5
216,9
217,10
218,13
219,13
220,11
221,8
222,12
223,6
224,7
225,8
226,5
227,5
228,9
229,12
230,6
231,8
232,11
233,8
234,5
235,5
236,5
237,12
238,7
239,12
240,12
241,6
242,6
243,13
244,13
245,13
246,13
247,13
248,10
249,7
250,13
251,8
252,9
253,7
254,8
255,11
256,12
257,5
258,10
259,7
260,7
261,9
262,10
263,7
264,10
265,7
266,13
267,7
268,13
269,6
270,12
271,10
272,13
273,9
274,8
275,5
276,6
277,10
278,7
279,11
280,9
281,6
282,6
283,8
284,5
285,9
286,10
287,13
288,10
289,10
290,8
291,12
292,10
293,7
294,10
295,10
296,12
297,12
298,11
299,7
300,10
301,12
302,12
303,9
304,9
305,9
306,5
307,6
308,5
309,7
310,10
311,11
312,6
313,7
314,12
315,8
316,13
317,12
318,12
319,13
320,5
321,7
322,6
323,11
324,9
325,8
326,8
327,13
328,8
329,11
330,10
331,8
332,6
333,8
334,7
335,7
336,8
337,8
338,12
339,9
340,7
341,5
342,12
343,10
344,9
345,13
346,10
347,8
348,5
349,6
350,9
351,5
352,12
353,10
354,13
355,7
356,12
357,9
358,12
359,5
360,11
361,5
362,11
363,8
364,10
365,8
366,8
367,11
368,8
369,9
370,7
371,7
372,8
373,5
374,12
375,12
376,9
377,5
378,10
379,11
380,10
381,13
382,8
383,13
384,6
385,10
386,6
387,12
388,12
389,13
390,10
391,13
392,8
393,9
394,7
395,7
396,10
397,7
398,6
399,9
400,10
401,9
402,10
403,9
404,7
405,5
406,12
407,13
408,7
409,10
410,7
411,6
412,12
413,7
414,7
415,13
416,5
417,13
418,6
419,13
420,9
421,13
422,9
423,12
424,5
425,8
426,11
427,8
428,6
429,12
430,7
431,6
432,7
433,12
434,9
435,13
436,8
437,9
438,13
439,7
440,5
441,7
442,9
443,9
444,7
445,13
446,12
447,8
448,10
449,10
450,12
451,9
452,13
453,7
454,8
455,12
456,9
457,10
458,10
459,11
460,6
461,9
462,7
463,5
464,11
465,5
466,12
467,9
468,12
469,9
470,9
471,6
472,11
473,6
474,13
475,13
476,10
477,5
478,5
479,9
480,13
481,9
482,6
483,13
484,13
485,13
486,6
487,8
488,5
489,5
490,10
491,10
492,13
493,11
494,11
495,12
496,6
497,13
498,8
499,11
500,6
501,5
502,7
503,9
504,11
505,13
506,7
507,10
508,13
509,11
510,8
511,9
512,9
513,11
514,5
515,7
516,12
517,13
518,5
519,7
520,7
521,10
522,7
523,11
524,6
525,8
526,12
527,6
528,10
529,5
530,11
531,10
532,7
533,10
534,7
535,8
536,7
537,8
538,9
539,5
540,5
541,11
542,10
543,8
544,7
545,11
546,5
547,10
548,11
549,7
550,5
551,11
552,9
553,11
554,10
555,12
556,10
557,10
558,12
559,7
560,6
561,7
562,7
563,12
564,5
565,11
566,6
567,5
568,6
569,8
570,10
571,6
572,13
573,7
574,12
575,11
576,5
577,5
578,12
579,11
580,13
581,6
582,7
583,7
584,13
585,7
586,6
587,12
588,13
589,6
590,12
591,10
592,13
593,5
594,11
595,11
596,11
597,10
598,9
599,13
600,12
601,7
602,12
603,13
604,5
605,13
606,11
607,6
608,6
609,11
610,10
611,12
612,11
613,11
614,9
615,12
616,10
617,10
618,9
619,7
620,8
621,5
622,9
623,13
624,7
625,9
626,10
627,10
628,9
629,8
630,5
631,10
632,6
633,5
634,12
635,10
636,10
637,7
638,8
639,6
640,8
641,6
642,9
643,7
644,5
645,6
646,6
647,7
648,10
649,9
650,8
651,8
652,5
653,7
654,7
655,8
656,11
657,6
658,11
659,12
660,7
661,13
662,13
663,5
664,7
665,7
666,8
667,9
668,9
669,10
670,7
671,7
672,12
673,13
674,7
675,8
676,6
677,10
678,11
679,13
680,5
681,6
682,5
683,12
684,9
685,10
686,6
687,7
688,6
689,11
690,10
691,5
692,8
693,12
694,12
695,5
696,9
697,5
698,9
699,11
700,11
701,12
702,10
703,7
704,6
705,13
706,9
707,11
708,5
709,8
710,9
711,9
712,9
713,7
714,10
715,7
716,9
717,5
718,9
719,8
720,8
721,9
722,8
723,11
724,6
725,13
726,8
727,6
728,6
729,8
730,7
731,13
732,13
733,5
734,10
735,6
736,7
737,10
738,7
739,7
740,11
741,12
742,7
743,10
744,10
745,5
746,5
747,7
748,10
749,11
750,8
751,13
752,6
753,6
754,12
755,10
756,6
757,9
758,12
759,7
760,13
761,7
762,12
763,9
764,5
765,6
766,5
767,12
768,12
769,9
770,9
771,9
772,9
773,13
774,6
775,9
776,13
777,7
778,5
779,9
780,11
781,7
782,10
783,10
784,6
785,13
786,5
787,10
788,7
789,8
790,10
791,11
792,9
793,12
794,6
795,12
796,10
797,12
798,13
799,11
800,6
801,11
802,13
803,9
804,11
805,7
806,13
807,9
808,7
809,5
810,6
811,10
812,7
813,8
814,12
815,12
816,10
817,9
818,9
819,5
820,8
821,5
822,6
823,10
824,6
825,6
826,8
827,7
828,11
829,7
830,12
831,8
832,13
833,7
834,13
835,12
836,10
837,11
838,13
839,8
840,8
841,13
842,10
843,10
844,9
845,6
846,5
847,10
848,11
849,6
850,7
851,12
852,5
853,11
854,6
855,8
856,6
857,8
858,6
859,12
860,11
861,12
862,8
863,5
864,13
865,10
866,10
867,9
868,7
869,12
870,7
871,12
872,12
873,10
874,10
875,8
876,8
877,10
878,13
879,8
880,12
881,10
882,7
883,10
884,13
885,13
886,5
887,9
888,10
889,13
890,13
891,11
892,7
893,6
894,7
895,8
896,6
897,13
898,9
899,6
900,5
901,11
902,11
903,7
904,8
905,10
906,11
907,11
908,5
909,13
910,11
911,8
912,13
913,12
914,7
915,6
916,9
917,9
918,11
919,10
920,7
921,6
922,10
923,11
924,9
925,6
926,10
927,5
928,9
929,12
930,8
931,5
932,9
933,8
934,6
935,8
936,7
937,12
938,7
939,6
940,5
941,7
942,8
943,12
944,10
945,6
946,12
947,9
948,13
949,6
950,8
951,13
952,7
953,10
954,10
955,9
956,10
957,9
958,13
959,7
960,6
961,6
962,9
963,11
964,10
965,12
966,10
967,10
968,9
969,8
970,8
971,8
972,7
973,9
974,5
975,11
976,9
977,6
978,10
979,10
980,9
981,10
982,10
983,12
984,5
985,5
986,12
987,13
988,6
989,6
990,13
991,7
992,12
993,6
994,11
995,10
996,6
997,7
998,10
999,8
1000,6
1001,8
1002,7
1003,13
1004,9
1005,12
1006,13
1007,7
1008,5
1009,6
1010,9
1011,10
1012,6
1013,7
1014,6
1015,5
1016,13
1017,13
1018,9
1019,11
1020,10
1021,8
1022,5
1023,9
1024,13
1025,6
1026,13
1027,8
1028,8
1029,11
1030,9
1031,5
1032,9
1033,7
1034,12
1035,12
1036,7
1037,13
1038,6
1039,12
1040,13
1041,6
1042,11
1043,9
1044,6
1045,13
1046,9
1047,10
1048,12
1049,13
1050,13
1051,8
1052,5
1053,5
1054,8
1055,5
1056,6
1057,7
1058,9
1059,7
1060,13
1061,7
1062,11
1063,13
1064,13
1065,12
1066,6
1067,8
1068,6
1069,10
1070,9
1071,12
1072,5
1073,11
1074,9
1075,9
1076,7
1077,8
1078,9
1079,8
1080,7
1081,6
1082,7
1083,9
1084,7
1085,5
1086,9
1087,10
1088,5
1089,5
1090,12
1091,8
1092,13
1093,10
1094,13
1095,8
1096,8
1097,12
1098,13
1099,5
1100,13
1101,5
1102,13
1103,12
1104,9
1105,8
1106,13
1107,8
1108,11
1109,13
1110,9
1111,9
1112,12
1113,13
1114,7
1115,11
1116,5
1117,13
1118,13
1119,13
1120,5
1121,11
1122,9
1123,6
1124,11
1125,12
1126,9
1127,5
1128,10
1129,10
1130,12
1131,6
1132,13
1133,8
1134,12
1135,6
1136,13
1137,13
1138,5
1139,11
1140,5
1141,13
1142,8
1143,9
1144,6
1145,6
1146,11
1147,5
1148,10
1149,7
1150,8
1151,13
1152,7
1153,6
1154,12
1155,5
1156,10
1157,10
1158,9
1159,7
1160,13
1161,12
1162,7
1163,11
1164,10
1165,13
1166,6
1167,11
1168,7
1169,10
1170,5
1171,11
1172,8
1173,8
1174,8
1175,5
1176,11
1177,10
1178,5
1179,6
1180,9
1181,11
1182,13
1183,6
1184,9
1185,10
1186,6
1187,6
1188,8
1189,5
1190,6
1191,8
1192,9
1193,12
1194,12
1195,12
1196,7
1197,6
1198,5
1199,7
1200,6
1201,13
1202,7
1203,11
1204,7
1205,6
1206,5
1207,12
1208,8
1209,11
1210,11
1211,8
1212,12
1213,8
1214,10
1215,9
1216,8
1217,5
1218,9
1219,6
1220,13
1221,6
1222,5
1223,12
1224,12
1225,8
1226,9
1227,5
1228,7
1229,12
1230,13
1231,10
1232,6
1233,11
1234,10
1235,12
1236,6
1237,5
1238,12
1239,5
1240,11
1241,9
1242,8
1243,10
1244,8
1245,8
1246,11
1247,13
1248,7
1249,13
1250,5
1251,8
1252,12
1253,8
1254,5
1255,8
1256,13
1257,12
1258,5
1259,6
1260,12
1261,7
1262,7
1263,12
1264,8
1265,8
1266,8
1267,13
1268,11
1269,12
1270,12
1271,6
1272,11
1273,12
1274,12
1275,5
1276,5
1277,12
1278,5
1279,5
1280,13
1281,5
1282,11
1283,11
1284,7
1285,8
1286,10
1287,11
1288,7
1289,6
1290,11
1291,12
1292,10
1293,6
1294,13
1295,12
1296,6
1297,7
1298,5
1299,5
1300,10
1301,13
1302,11
1303,12
1304,5
1305,8
1306,6
1307,8
1308,5
1309,9
1310,10
1311,13
1312,11
1313,5
1314,6
1315,9
1316,12
1317,9
1318,13
1319,13
1320,8
1321,12
1322,9
1323,5
1324,12
1325,11
1326,12
1327,8
1328,5
1329,11
1330,7
1331,12
1332,5
1333,5
1334,5
1335,12
1336,12
1337,13
1338,7
1339,13
1340,8
1341,12
1342,9
1343,11
1344,13
1345,10
1346,5
1347,9
1348,10
1349,10
1350,7
1351,8
1352,7
1353,6
1354,11
1355,11
1356,6
1357,10
1358,9
1359,10
1360,6
1361,10
1362,13
1363,8
1364,11
1365,7
1366,8
1367,13
1368,5
1369,9
1370,6
1371,7
1372,6
1373,10
1374,11
1375,6
1376,12
1377,9
1378,9
1379,10
1380,13
1381,12
1382,6
1383,11
1384,10
1385,6
1386,10
1387,7
1388,13
1389,11
1390,6
1391,9
1392,11
1393,11
1394,7
1395,10
1396,10
1397,8
1398,9
1399,12
1400,10
1401,9
1402,7
1403,11
1404,12
1405,5
1406,7
1407,6
1408,5
1409,6
1410,13
1411,8
1412,10
1413,7
1414,8
1415,7
1416,10
1417,6
1418,9
1419,7
1420,7
1421,11
1422,13
1423,7
1424,12
1425,6
1426,13
1427,11
1428,12
1429,6
1430,9
1431,8
1432,8
1433,12
1434,10
1435,12
1436,12
1437,9
1438,9
1439,12
1440,10
1441,5
1442,8
1443,6
1444,6
1445,13
1446,9
1447,10
1448,10
1449,6
1450,13
1451,11
1452,12
1453,9
1454,11
1455,8
1456,8
1457,10
1458,11
1459,13
1460,13
1461,11
1462,9
1463,11
1464,8
1465,5
1466,13
1467,11
1468,8
1469,11
1470,11
1471,5
1472,10
1473,8
1474,13
1475,7
1476,10
1477,5
1478,5
1479,7
1480,9
1481,12
1482,8
1483,7
1484,12
1485,6
1486,6
1487,9
1488,8
1489,9
1490,9
1491,8
1492,10
1493,11
1494,8
1495,9
1496,6
1497,10
1498,11
1499,9
1500,13
1501,10
1502,13
1503,8
1504,9
1505,8
1506,12
1507,5
1508,7
1509,10
1510,13
1511,8
1512,10
1513,6
1514,6
1515,13
1516,6
1517,5
1518,12
1519,13
1520,8
1521,13
1522,10
1523,7
1524,11
1525,12
1526,13
1527,13
1528,13
1529,6
1530,8
1531,9
1532,5
1533,7
1534,6
1535,12
1536,5
1537,5
1538,6
1539,10
1540,9
1541,13
1542,12
1543,12
1544,5
1545,6
1546,10
1547,10
1548,7
1549,5
1550,13
1551,11
1552,6
1553,8
1554,9
1555,6
1556,13
1557,10
1558,8
1559,8
1560,6
1561,6
1562,7
1563,13
1564,12
1565,10
1566,5
1567,13
1568,8
1569,7
1570,13
1571,12
1572,8
1573,11
1574,8
1575,12
1576,6
1577,12
1578,10
1579,9
1580,7
1581,7
1582,11
1583,10
1584,13
1585,5
1586,6
1587,7
1588,13
1589,10
1590,13
1591,5
1592,11
1593,13
1594,9
1595,8
1596,13
1597,12
1598,9
1599,11
1600,5
1601,5
1602,9
1603,12
1604,5
1605,5
1606,7
1607,7
1608,10
1609,5
1610,8
1611,13
1612,5
1613,8
1614,6
1615,9
1616,8
1617,12
1618,10
1619,8
1620,10
1621,13
1622,6
1623,9
1624,9
1625,10
1626,8
1627,5
1628,5
1629,8
1630,7
1631,10
1632,9
1633,8
1634,9
1635,11
1636,12
1637,8
1638,7
1639,12
1640,8
1641,7
1642,9
1643,8
1644,6
1645,12
1646,8
1647,10
1648,10
1649,8
1650,6
1651,9
1652,12
1653,10
1654,12
1655,6
1656,5
1657,13
1658,10
1659,13
1660,8
1661,10
1662,8
1663,12
1664,10
1665,12
1666,7
1667,10
1668,12
1669,6
1670,13
1671,10
1672,12
1673,11
1674,7
1675,9
1676,5
1677,11
1678,7
1679,10
1680,8
1681,5
1682,10
1683,11
1684,13
1685,11
1686,9
1687,13
1688,11
1689,11
1690,13
1691,7
1692,11
1693,6
1694,9
1695,12
1696,5
1697,10
1698,13
1699,7
1700,8
1701,13
1702,11
1703,11
1704,6
1705,6
1706,11
1707,7
1708,13
1709,6
1710,9
1711,13
1712,10
1713,10
1714,10
1715,8
1716,7
1717,12
1718,9
1719,10
1720,5
1721,7
1722,12
1723,8
1724,9
1725,8
1726,9
1727,5
1728,10
1729,10
1730,7
1731,11
1732,11
1733,13
1734,7
1735,10
1736,8
1737,9
1738,8
1739,5
1740,6
1741,8
1742,7
1743,11
1744,8
1745,10
1746,8
1747,5
1748,9
1749,9
1750,5
1751,13
1752,9
1753,12
1754,11
1755,8
1756,11
1757,5
1758,8
1759,6
1760,7
1761,7
1762,5
1763,12
1764,10
1765,5
1766,6
1767,8
1768,10
1769,5
1770,8
1771,7
1772,11
1773,5
1774,9
1775,8
1776,10
1777,9
1778,11
1779,12
1780,6
1781,11
1782,5
1783,7
1784,5
1785,7
1786,7
1787,12
1788,11
1789,8
1790,13
1791,5
1792,13
1793,5
1794,7
1795,10
1796,12
1797,10
1798,6
1799,5
1800,8
1801,11
1802,8
1803,11
1804,5
1805,11
1806,12
1807,5
1808,9
1809,10
1810,11
1811,6
1812,7
1813,6
1814,6
1815,13
1816,8
1817,7
1818,11
1819,8
1820,9
1821,8
1822,13
1823,13
1824,6
1825,8
1826,12
1827,6
1828,6
1829,10
1830,6
1831,13
1832,9
1833,6
1834,5
1835,13
1836,12
1837,5
1838,10
1839,12
1840,5
1841,8
1842,8
1843,12
1844,13
1845,11
1846,12
1847,6
1848,12
1849,10
1850,10
1851,7
1852,5
1853,12
1854,12
1855,13
1856,13
1857,11
1858,8
1859,11
1860,5
1861,10
1862,12
1863,13
1864,7
1865,6
1866,10
1867,5
1868,12
1869,12
1870,5
1871,7
1872,9
1873,8
1874,11
1875,13
1876,6
1877,8
1878,12
1879,5
1880,13
1881,6
1882,9
1883,7
1884,6
1885,9
1886,12
1887,11
1888,10
1889,9
1890,11
1891,6
1892,11
1893,6
1894,8
1895,6
1896,11
1897,13
1898,5
1899,9
1900,5
1901,6
1902,12
1903,12
1904,9
1905,9
1906,6
1907,13
1908,10
1909,9
1910,7
1911,13
1912,5
1913,10
1914,7
1915,11
1916,11
1917,12
1918,8
1919,7
1920,12
1921,12
1922,5
1923,13
1924,10
1925,8
1926,7
1927,12
1928,13
1929,13
1930,7
1931,10
1932,5
1933,5
1934,12
1935,7
1936,13
1937,13
1938,5
1939,13
1940,5
1941,6
1942,9
1943,10
1944,9
1945,6
1946,10
1947,6
1948,10
1949,5
1950,10
1951,13
1952,13
1953,13
1954,9
1955,6
1956,6
1957,7
1958,12
1959,10
1960,9
1961,13
1962,10
1963,12
1964,10
1965,10
1966,13
1967,5
1968,11
1969,7
1970,13
1971,9
1972,9
1973,6
1974,11
1975,10
1976,5
1977,10
1978,11
1979,10
1980,13
1981,10
1982,5
1983,7
1984,10
1985,13
1986,11
1987,8
1988,8
1989,9
1990,11
1991,8
1992,10
1993,9
1994,10
1995,7
1996,5
1997,5
1998,5
1999,13
2000,13
2001,12
2002,11
2003,9
2004,9
2005,12
2006,11
2007,8
2008,12
2009,11
2010,10
2011,5
2012,5
2013,9
2014,13
2015,12
2016,5
2017,5
2018,9
2019,11
2020,9
2021,5
2022,10
2023,11
2024,13
2025,5
2026,9
2027,10
2028,5
2029,12
2030,13
2031,9
2032,8
2033,9
2034,6
2035,11
2036,5
2037,6
2038,12
2039,10
2040,6
2041,10
2042,10
2043,9
2044,13
2045,7
2046,7
2047,10
2048,10
2049,11
2050,10
2051,9
2052,9
2053,7
2054,6
2055,6
2056,10
2057,5
2058,11
2059,5
2060,6
2061,8
2062,7
2063,13
2064,8
2065,9
2066,11
2067,12
2068,11
2069,11
2070,11
2071,11
2072,7
2073,7
2074,5
2075,10
2076,8
2077,12
2078,5
2079,11
2080,5
2081,6
2082,9
2083,6
2084,13
2085,12
2086,5
2087,8
2088,13
2089,8
2090,10
2091,12
2092,8
2093,10
2094,7
2095,11
2096,5
2097,11
2098,7
2099,7
2100,10
2101,8
2102,11
2103,7
2104,6
2105,13
2106,12
2107,7
2108,13
2109,5
2110,7
2111,6
2112,8
2113,12
2114,9
2115,9
2116,12
2117,9
2118,9
2119,11
2120,10
2121,5
2122,6
2123,8
2124,7
2125,12
2126,11
2127,8
2128,11
2129,11
2130,9
2131,5
2132,9
2133,13
2134,8
2135,6
2136,9
2137,5
2138,6
2139,13
2140,8
2141,5
2142,8
2143,9
2144,11
2145,7
2146,11
2147,12
2148,7
2149,10
2150,9
2151,11
2152,5
2153,8
2154,9
2155,8
2156,12
2157,6
2158,9
2159,11
2160,8
2161,8
2162,11
2163,9
2164,6
2165,8
2166,13
2167,10
2168,11
2169,5
2170,8
2171,6
2172,6
2173,11
2174,12
2175,11
2176,12
2177,5
2178,12
2179,13
2180,5
2181,12
2182,10
2183,6
2184,7
2185,10
2186,12
2187,12
2188,12
2189,7
2190,10
2191,9
2192,10
2193,6
2194,9
2195,5
2196,9
2197,6
2198,5
2199,8
2200,13
2201,7
2202,8
2203,5
2204,13
2205,6
2206,13
2207,12
2208,12
2209,7
2210,6
2211,5
2212,13
2213,10
2214,10
2215,10
2216,8
2217,7
2218,5
2219,9
2220,6
2221,8
2222,7
2223,10
2224,9
2225,12
2226,11
2227,12
2228,7
2229,5
2230,6
2231,6
2232,8
2233,11
2234,12
2235,5
2236,9
2237,7
2238,11
2239,7
2240,12
2241,9
2242,13
2243,6
2244,6
2245,8
2246,11
2247,6
2248,9
2249,10
2250,10
2251,5
2252,8
2253,7
2254,7
2255,10
2256,12
2257,9
2258,11
2259,12
2260,5
2261,11
2262,7
2263,8
2264,12
2265,12
2266,11
2267,12
2268,13
2269,10
2270,7
2271,12
2272,9
2273,12
2274,5
2275,6
2276,5
2277,13
2278,13
2279,13
2280,5
2281,12
2282,12
2283,9
2284,12
2285,11
2286,8
2287,12
2288,7
2289,8
2290,9
2291,11
2292,12
2293,12
2294,9
2295,12
2296,8
2297,10
2298,10
2299,7
2300,11
2301,6
2302,11
2303,9
2304,12
2305,13
2306,5
2307,5
2308,13
2309,5
2310,10
2311,5
2312,6
2313,8
2314,5
2315,5
2316,13
2317,5
2318,7
2319,11
2320,9
2321,11
2322,8
2323,5
2324,8
2325,8
2326,6
2327,13
2328,5
2329,9
2330,9
2331,9
2332,5
2333,7
2334,11
2335,7
2336,11
2337,10
2338,9
2339,11
2340,5
2341,11
2342,10
2343,12
2344,8
2345,12
2346,7
2347,13
2348,9
2349,12
2350,12
2351,10
2352,13
2353,5
2354,11
2355,5
2356,12
2357,9
2358,10
2359,9
2360,5
2361,6
2362,9
2363,12
2364,8
2365,9
2366,5
2367,10
2368,8
2369,6
2370,9
2371,9
2372,7
2373,5
2374,10
2375,6
2376,12
2377,5
2378,8
2379,13
2380,6
2381,6
2382,10
2383,7
2384,10
2385,7
2386,11
2387,8
2388,6
2389,12
2390,12
2391,8
2392,10
2393,5
2394,13
2395,13
2396,13
2397,5
2398,5
2399,12
2400,10
2401,8
2402,12
2403,10
2404,8
2405,8
2406,8
2407,7
2408,9
2409,11
2410,7
2411,10
2412,10
2413,13
2414,12
2415,5
2416,9
2417,10
2418,12
2419,11
2420,6
2421,9
2422,12
2423,13
2424,6
2425,7
2426,10
2427,11
2428,7
2429,7
2430,9
2431,5
2432,12
2433,6
2434,13
2435,9
2436,10
2437,7
2438,12
2439,7
2440,12
2441,12
2442,6
2443,8
2444,9
2445,8
2446,8
2447,9
2448,12
2449,10
2450,10
2451,10
2452,5
2453,8
2454,13
2455,12
2456,6
2457,13
2458,7
2459,10
2460,6
2461,13
2462,12
2463,9
2464,10
2465,7
2466,7
2467,8
2468,12
2469,6
2470,10
2471,8
2472,11
2473,13
2474,7
2475,8
2476,8
2477,7
2478,10
2479,9
2480,12
2481,13
2482,11
2483,11
2484,6
2485,6
2486,10
2487,9
2488,11
2489,13
2490,6
2491,8
2492,5
2493,10
2494,13
2495,10
2496,7
2497,5
2498,8
2499,12
2500,11
2501,12
2502,7
2503,11
2504,9
2505,10
2506,10
2507,11
2508,8
2509,5
2510,9
2511,13
2512,6
2513,9
2514,5
2515,12
2516,7
2517,5
2518,9
2519,7
2520,6
2521,8
2522,6
2523,12
2524,10
2525,13
2526,8
2527,7
2528,6
2529,13
2530,9
2531,7
2532,13
2533,6
2534,6
2535,5
2536,6
2537,7
2538,13
2539,10
2540,10
2541,5
2542,6
2543,13
2544,9
2545,7
2546,8
2547,5
2548,10
2549,10
2550,11
2551,13
2552,7
2553,7
2554,8
2555,5
2556,6
2557,8
2558,6
2559,6
2560,12
2561,6
2562,6
2563,6
2564,10
2565,8
2566,7
2567,10
2568,8
2569,10
2570,5
2571,13
2572,6
2573,5
2574,12
2575,5
2576,8
2577,5
2578,7
2579,10
2580,12
2581,7
2582,6
2583,7
2584,5
2585,8
2586,13
2587,5
2588,6
2589,12
2590,5
2591,12
2592,8
2593,11
2594,13
2595,9
2596,5
2597,7
2598,12
2599,13
2600,6
2601,10
2602,13
2603,8
2604,7
2605,7
2606,8
2607,13
2608,12
2609,11
2610,10
2611,7
2612,11
2613,6
2614,6
2615,10
2616,7
2617,5
2618,12
2619,13
2620,10
2621,6
2622,8
2623,7
2624,8
2625,8
2626,12
2627,12
2628,8
2629,6
2630,7
2631,11
2632,5
2633,6
2634,5
2635,12
2636,7
2637,13
2638,10
2639,12
2640,5
2641,13
2642,6
2643,9
2644,12
2645,8
2646,9
2647,8
2648,13
2649,7
2650,12
2651,10
2652,13
2653,10
2654,5
2655,6
2656,12
2657,7
2658,9
2659,5
2660,11
2661,6
2662,10
2663,6
2664,11
2665,5
2666,6
2667,10
2668,7
2669,9
2670,13
2671,5
2672,5
2673,5
2674,8
2675,13
2676,10
2677,7
2678,9
2679,8
2680,6
2681,6
2682,9
2683,5
2684,9
2685,6
2686,8
2687,9
2688,5
2689,5
2690,7
2691,13
2692,10
2693,5
2694,6
2695,7
2696,7
2697,5
2698,13
2699,11
2700,8
2701,9
2702,12
2703,13
2704,6
2705,7
2706,10
2707,8
2708,13
2709,12
2710,6
2711,13
2712,5
2713,11
2714,8
2715,10
2716,12
2717,12
2718,12
2719,9
2720,12
2721,6
2722,6
2723,13
2724,6
2725,12
2726,9
2727,13
2728,10
2729,11
2730,11
2731,6
2732,8
2733,7
2734,12
2735,8
2736,9
2737,10
2738,8
2739,9
2740,6
2741,6
2742,7
2743,12
2744,8
2745,8
2746,8
2747,13
2748,6
2749,7
2750,10
2751,12
2752,12
2753,11
2754,10
2755,10
2756,13
2757,11
2758,8
2759,8
2760,8
2761,10
2762,8
2763,7
2764,8
2765,13
2766,10
2767,11
2768,5
2769,9
2770,12
2771,11
2772,11
2773,12
2774,7
2775,9
2776,8
2777,9
2778,13
2779,10
2780,13
2781,6
2782,12
2783,5
2784,13
2785,7
2786,7
2787,13
2788,13
2789,10
2790,11
2791,11
2792,6
2793,10
2794,12
2795,8
2796,12
2797,8
2798,7
2799,13
2800,7
2801,10
2802,8
2803,9
2804,10
2805,7
2806,8
2807,7
2808,13
2809,6
2810,12
2811,10
2812,12
2813,11
2814,6
2815,9
2816,8
2817,7
2818,7
2819,9
2820,10
2821,8
2822,10
2823,10
2824,6
2825,9
2826,13
2827,9
2828,13
2829,6
2830,7
2831,11
2832,13
2833,9
2834,8
2835,7
2836,7
2837,10
2838,11
2839,13
2840,7
2841,9
2842,13
2843,12
2844,11
2845,13
2846,9
2847,7
2848,8
2849,7
2850,8
2851,8
2852,11
2853,11
2854,6
2855,12
2856,7
2857,7
2858,6
2859,10
2860,13
2861,9
2862,9
2863,12
2864,11
2865,6
2866,6
2867,6
2868,7
2869,7
2870,6
2871,5
2872,6
2873,12
2874,10
2875,9
2876,6
2877,12
2878,10
2879,6
2880,12
2881,11
2882,13
2883,11
2884,13
2885,8
2886,13
2887,11
2888,11
2889,6
2890,10
2891,5
2892,5
2893,11
2894,13
2895,12
2896,9
2897,8
2898,5
2899,11
2900,11
2901,8
2902,12
2903,12
2904,6
2905,12
2906,7
2907,6
2908,12
2909,7
2910,6
2911,9
2912,10
2913,8
2914,5
2915,11
2916,13
2917,12
2918,13
2919,13
2920,13
2921,7
2922,7
2923,6
2924,9
2925,12
2926,6
2927,13
2928,13
2929,13
2930,10
2931,7
2932,6
2933,11
2934,5
2935,6
2936,11
2937,5
2938,7
2939,5
2940,8
2941,6
2942,10
2943,9
2944,8
2945,12
2946,13
2947,13
2948,11
2949,5
2950,5
2951,7
2952,5
2953,10
2954,7
2955,10
2956,9
2957,6
2958,5
2959,9
2960,10
2961,12
2962,5
2963,13
2964,12
2965,8
2966,13
2967,11
2968,7
2969,9
2970,12
2971,13
2972,12
2973,12
2974,8
2975,10
2976,11
2977,10
2978,10
2979,6
2980,6
2981,12
2982,9
2983,11
2984,6
2985,10
2986,7
2987,6
2988,7
2989,7
2990,10
2991,12
2992,12
2993,10
2994,10
2995,10
2996,13
2997,13
2998,7
2999,9
3000,10
3001,5
3002,12
3003,8
3004,6
3005,5
3006,12
3007,12
3008,8
3009,10
3010,10
3011,11
3012,12
3013,5
3014,11
3015,10
3016,7
3017,9
3018,6
3019,9
3020,10
3021,7
3022,7
3023,7
3024,9
3025,8
3026,13
3027,11
3028,7
3029,11
3030,10
3031,5
3032,7
3033,8
3034,8
3035,9
3036,11
3037,13
3038,12
3039,10
3040,11
3041,10
3042,9
3043,5
3044,12
3045,6
3046,12
3047,7
3048,12
3049,11
3050,5
3051,9
3052,6
3053,8
3054,10
3055,8
3056,11
3057,6
3058,11
3059,8
3060,9
3061,11
3062,5
3063,7
3064,5
3065,7
3066,10
3067,11
3068,9
3069,7
3070,5
3071,8
3072,7
3073,12
3074,9
3075,6
3076,10
3077,10
3078,5
3079,5
3080,5
3081,5
3082,13
3083,11
3084,7
3085,7
3086,5
3087,7
3088,5
3089,7
3090,6
3091,13
3092,12
3093,13
3094,7
3095,12
3096,12
3097,9
3098,9
3099,8
3100,10
3101,10
3102,11
3103,11
3104,8
3105,5
3106,8
3107,12
3108,10
3109,8
3110,5
3111,7
3112,9
3113,11
3114,5
3115,10
3116,9
3117,7
3118,6
3119,13
3120,9
3121,5
3122,6
3123,5
3124,13
3125,5
3126,7
3127,5
3128,10
3129,7
3130,11
3131,13
3132,6
3133,6
3134,8
3135,7
3136,5
3137,7
3138,10
3139,7
3140,5
3141,8
3142,6
3143,12
3144,9
3145,12
3146,13
3147,13
3148,11
3149,6
3150,11
3151,11
3152,11
3153,11
3154,6
3155,13
3156,9
3157,13
3158,9
3159,8
3160,10
3161,10
3162,10
3163,8
3164,10
3165,6
3166,9
3167,10
3168,11
3169,8
3170,5
3171,8
3172,9
3173,11
3174,9
3175,12
3176,12
3177,11
3178,12
3179,6
3180,10
3181,11
3182,10
3183,8
3184,5
3185,7
3186,8
3187,13
3188,9
3189,5
3190,13
3191,13
3192,9
3193,11
3194,13
3195,10
3196,8
3197,7
3198,12
3199,10
3200,7
3201,13
3202,7
3203,10
3204,9
3205,10
3206,13
3207,10
3208,9
3209,13
3210,9
3211,13
3212,13
3213,7
3214,7
3215,6
3216,11
3217,9
3218,12
3219,5
3220,9
3221,8
3222,6
3223,13
3224,8
3225,7
3226,7
3227,8
3228,11
3229,10
3230,12
3231,11
3232,5
3233,8
3234,11
3235,12
3236,7
3237,5
3238,13
3239,9
3240,11
3241,13
3242,10
3243,13
3244,6
3245,13
3246,9
3247,12
3248,12
3249,9
3250,10
3251,5
3252,5
3253,5
3254,8
3255,12
3256,9
3257,7
3258,10
3259,5
3260,8
3261,11
3262,11
3263,7
3264,6
3265,9
3266,10
3267,7
3268,9
3269,7
3270,13
3271,9
3272,5
3273,13
3274,13
3275,9
3276,11
3277,8
3278,6
3279,13
3280,13
3281,12
3282,12
3283,11
3284,12
3285,13
3286,13
3287,5
3288,8
3289,6
3290,7
3291,13
3292,6
3293,11
3294,9
3295,11
3296,12
3297,10
3298,5
3299,8
3300,12
3301,5
3302,7
3303,13
3304,8
3305,13
3306,5
3307,8
3308,12
3309,7
3310,8
3311,5
3312,11
3313,7
3314,8
3315,13
3316,10
3317,6
3318,12
3319,8
3320,11
3321,5
3322,5
3323,13
3324,12
3325,12
3326,7
3327,10
3328,7
3329,10
3330,7
3331,8
3332,9
3333,9
3334,9
3335,11
3336,12
3337,12
3338,11
3339,11
3340,7
3341,12
3342,9
3343,11
3344,10
3345,12
3346,5
3347,10
3348,10
3349,11
3350,11
3351,12
3352,11
3353,5
3354,6
3355,7
3356,7
3357,8
3358,11
3359,13
3360,5
3361,8
3362,6
3363,12
3364,6
3365,9
3366,10
3367,5
3368,5
3369,5
3370,10
3371,6
3372,9
3373,5
3374,10
3375,5
3376,7
3377,5
3378,13
3379,5
3380,10
3381,8
3382,13
3383,8
3384,5
3385,8
3386,8
3387,11
3388,6
3389,8
3390,6
3391,7
3392,7
3393,13
3394,9
3395,6
3396,11
3397,6
3398,10
3399,6
3400,12
3401,13
3402,5
3403,11
3404,10
3405,12
3406,10
3407,9
3408,5
3409,5
3410,12
3411,8
3412,8
3413,6
3414,5
3415,9
3416,6
3417,12
3418,8
3419,5
3420,13
3421,10
3422,5
3423,6
3424,10
3425,6
3426,7
3427,13
3428,8
3429,8
3430,8
3431,10
3432,5
3433,7
3434,6
3435,10
3436,6
3437,10
3438,10
3439,11
3440,6
3441,11
3442,6
3443,11
3444,9
3445,11
3446,12
3447,9
3448,13
3449,12
3450,12
3451,9
3452,10
3453,8
3454,6
3455,5
3456,10
3457,11
3458,11
3459,9
3460,11
3461,7
3462,9
3463,13
3464,9
3465,10
3466,10
3467,10
3468,5
3469,13
3470,12
3471,9
3472,11
3473,12
3474,10
3475,9
3476,8
3477,7
3478,11
3479,12
3480,8
3481,9
3482,7
3483,9
3484,6
3485,13
3486,8
3487,6
3488,5
3489,7
3490,6
3491,6
3492,8
3493,7
3494,10
3495,13
3496,9
3497,9
3498,8
3499,7
3500,10
3501,10
3502,8
3503,13
3504,10
3505,5
3506,5
3507,8
3508,13
3509,8
3510,5
3511,12
3512,6
3513,6
3514,12
3515,13
3516,13
3517,13
3518,12
3519,7
3520,7
3521,5
3522,6
3523,10
3524,10
3525,8
3526,6
3527,12
3528,11
3529,5
3530,6
3531,11
3532,8
3533,6
3534,9
3535,6
3536,6
3537,12
3538,11
3539,6
3540,7
3541,11
3542,9
3543,5
3544,13
3545,8
3546,12
3547,7
3548,5
3549,5
3550,6
3551,7
3552,13
3553,6
3554,9
3555,6
3556,6
3557,8
3558,5
3559,13
3560,11
3561,5
3562,8
3563,10
3564,6
3565,12
3566,11
3567,6
3568,5
3569,13
3570,8
3571,7
3572,12
3573,12
3574,13
3575,10
3576,7
3577,6
3578,5
3579,11
3580,10
3581,8
3582,10
3583,10
3584,8
3585,9
3586,6
3587,5
3588,10
3589,9
3590,13
3591,7
3592,9
3593,9
3594,13
3595,13
3596,13
3597,6
3598,6
3599,8
3600,9
3601,10
3602,10
3603,9
3604,5
3605,8
3606,10
3607,11
3608,5
3609,12
3610,8
3611,6
3612,10
3613,6
3614,11
3615,13
3616,8
3617,10
3618,5
3619,5
3620,13
3621,11
3622,7
3623,7
3624,5
3625,8
3626,12
3627,13
3628,12
3629,12
3630,13
3631,12
3632,6
3633,6
3634,11
3635,10
3636,13
3637,12
3638,6
3639,7
3640,6
3641,9
3642,8
3643,11
3644,12
3645,8
3646,5
3647,11
3648,6
3649,9
3650,11
3651,12
3652,6
3653,11
3654,10
3655,7
3656,12
3657,13
3658,7
3659,11
3660,9
3661,6
3662,9
3663,13
3664,9
3665,8
3666,10
3667,7
3668,10
3669,11
3670,13
3671,5
3672,8
3673,5
3674,9
3675,6
3676,7
3677,12
3678,13
3679,5
3680,11
3681,6
3682,11
3683,13
3684,13
3685,11
3686,6
3687,5
3688,5
3689,5
3690,9
3691,12
3692,9
3693,8
3694,10
3695,9
3696,12
3697,5
3698,9
3699,6
3700,7
3701,12
3702,5
3703,13
3704,10
3705,11
3706,10
3707,8
3708,7
3709,10
3710,11
3711,5
3712,8
3713,12
3714,10
3715,8
3716,10
3717,6
3718,8
3719,7
3720,10
3721,5
3722,6
3723,7
3724,8
3725,6
3726,7
3727,12
3728,13
3729,8
3730,10
3731,6
3732,7
3733,13
3734,10
3735,12
3736,13
3737,10
3738,5
3739,10
3740,10
3741,10
3742,13
3743,10
3744,11
3745,7
3746,10
3747,10
3748,8
3749,6
3750,12
3751,8
3752,9
3753,10
3754,11
3755,10
3756,9
3757,11
3758,13
3759,9
3760,12
3761,10
3762,7
3763,6
3764,6
3765,5
3766,12
3767,6
3768,8
3769,12
3770,13
3771,12
3772,8
3773,8
3774,7
3775,13
3776,8
3777,10
3778,13
3779,8
3780,10
3781,8
3782,12
3783,10
3784,8
3785,7
3786,10
3787,12
3788,9
3789,9
3790,8
3791,5
3792,5
3793,5
3794,7
3795,10
3796,5
3797,7
3798,12
3799,13
3800,9
3801,11
3802,9
3803,11
3804,12
3805,9
3806,5
3807,12
3808,9
3809,6
3810,8
3811,12
3812,5
3813,12
3814,7
3815,11
3816,6
3817,13
3818,11
3819,13
3820,11
3821,5
3822,9
3823,12
3824,10
3825,6
3826,5
3827,13
3828,11
3829,11
3830,12
3831,11
3832,13
3833,7
3834,13
3835,7
3836,6
3837,9
3838,11
3839,8
3840,8
3841,5
3842,8
3843,9
3844,13
3845,12
3846,10
3847,8
3848,6
3849,7
3850,7
3851,13
3852,6
3853,7
3854,7
3855,12
3856,10
3857,7
3858,6
3859,10
3860,7
3861,8
3862,5
3863,7
3864,11
3865,13
3866,5
3867,5
3868,6
3869,12
3870,8
3871,11
3872,7
3873,11
3874,13
3875,13
3876,9
3877,7
3878,12
3879,12
3880,7
3881,13
3882,11
3883,8
3884,8
3885,13
3886,11
3887,10
3888,11
3889,9
3890,11
3891,12
3892,8
3893,11
3894,12
3895,12
3896,11
3897,12
3898,8
3899,9
3900,7
3901,11
3902,13
3903,12
3904,5
3905,12
3906,10
3907,6
3908,8
3909,12
3910,7
3911,11
3912,12
3913,12
3914,6
3915,5
3916,9
3917,12
3918,6
3919,13
3920,8
3921,12
3922,12
3923,11
3924,5
3925,7
3926,10
3927,6
3928,11
3929,11
3930,9
3931,10
3932,6
3933,7
3934,13
3935,10
3936,13
3937,11
3938,9
3939,6
3940,11
3941,12
3942,5
3943,13
3944,9
3945,5
3946,9
3947,12
3948,6
3949,9
3950,11
3951,7
3952,7
3953,10
3954,6
3955,6
3956,7
3957,10
3958,6
3959,11
3960,9
3961,5
3962,9
3963,11
3964,10
3965,8
3966,13
3967,13
3968,11
3969,6
3970,7
3971,12
3972,8
3973,7
3974,11
3975,5
3976,13
3977,12
3978,6
3979,7
3980,13
3981,12
3982,8
3983,11
3984,13
3985,9
3986,10
3987,8
3988,8
3989,10
3990,5
3991,8
3992,12
3993,11
3994,9
3995,10
3996,6
3997,5
3998,9
3999,5
4000,13
4001,13
4002,10
4003,9
4004,7
4005,6
4006,10
4007,9
4008,6
4009,10
4010,10
4011,6
4012,13
4013,10
4014,10
4015,8
4016,11
4017,11
4018,8
4019,5
4020,8
4021,6
4022,11
4023,11
4024,11
4025,9
4026,7
4027,12
4028,8
4029,13
4030,11
4031,11
4032,12
4033,13
4034,12
4035,10
4036,11
4037,9
4038,12
4039,8
4040,6
4041,8
4042,12
4043,11
4044,8
4045,8
4046,12
4047,11
4048,9
4049,10
4050,5
4051,10
4052,8
4053,11
4054,12
4055,5
4056,7
4057,11
4058,5
4059,5
4060,7
4061,5
4062,12
4063,10
4064,8
4065,6
4066,7
4067,10
4068,10
4069,12
4070,6
4071,10
4072,6
4073,10
4074,7
4075,12
4076,6
4077,6
4078,8
4079,7
4080,7
4081,7
4082,5
4083,7
4084,12
4085,11
4086,5
4087,8
4088,10
4089,12
4090,9
4091,10
4092,9
4093,10
4094,11
4095,10
4096,8
4097,5
4098,5
4099,10
4100,8
4101,8
4102,12
4103,11
4104,8
4105,11
4106,10
4107,11
4108,13
4109,5
4110,13
4111,10
4112,11
4113,9
4114,5
4115,8
4116,8
4117,13
4118,7
4119,9
4120,12
4121,10
4122,7
4123,7
4124,11
4125,13
4126,9
4127,11
4128,12
4129,8
4130,13
4131,6
4132,13
4133,8
4134,13
4135,8
4136,6
4137,5
4138,12
4139,8
4140,13
4141,6
4142,11
4143,5
4144,10
4145,9
4146,12
4147,7
4148,7
4149,7
4150,12
4151,12
4152,12
4153,12
4154,7
4155,11
4156,10
4157,13
4158,9
4159,8
4160,7
4161,8
4162,8
4163,9
4164,5
4165,6
4166,9
4167,9
4168,7
4169,13
4170,6
4171,12
4172,13
4173,8
4174,6
4175,10
4176,9
4177,9
4178,5
4179,9
4180,6
4181,13
4182,12
4183,11
4184,10
4185,8
4186,5
4187,11
4188,13
4189,6
4190,10
4191,9
4192,8
4193,11
4194,11
4195,12
4196,7
4197,8
4198,11
4199,13
4200,6
4201,7
4202,6
4203,9
4204,6
4205,5
4206,13
4207,7
4208,13
4209,7
4210,5
4211,8
4212,6
4213,12
4214,7
4215,5
4216,12
4217,9
4218,7
4219,9
4220,8
4221,10
4222,11
4223,13
4224,5
4225,5
4226,8
4227,11
4228,13
4229,12
4230,12
4231,9
4232,13
4233,13
4234,7
4235,11
4236,6
4237,12
4238,10
4239,6
4240,5
4241,6
4242,7
4243,12
4244,13
4245,7
4246,5
4247,9
4248,11
4249,11
4250,8
4251,9
4252,7
4253,13
4254,9
4255,10
4256,8
4257,5
4258,6
4259,10
4260,13
4261,10
4262,8
4263,13
4264,9
4265,9
4266,13
4267,5
4268,6
4269,10
4270,8
4271,6
4272,5
4273,12
4274,12
4275,5
4276,5
4277,5
4278,12
4279,5
4280,6
4281,6
4282,11
4283,6
4284,13
4285,10
4286,5
4287,12
4288,12
4289,7
4290,12
4291,9
4292,13
4293,13
4294,12
4295,6
4296,8
4297,13
4298,7
4299,6
4300,9
4301,13
4302,12
4303,8
4304,11
4305,12
4306,7
4307,10
4308,5
4309,6
4310,11
4311,11
4312,10
4313,6
4314,11
4315,5
4316,13
4317,13
4318,9
4319,9
4320,10
4321,7
4322,9
4323,9
4324,13
4325,5
4326,11
4327,11
4328,11
4329,10
4330,11
4331,11
4332,5
4333,12
4334,9
4335,6
4336,5
4337,10
4338,5
4339,7
4340,6
4341,6
4342,5
4343,9
4344,5
4345,10
4346,11
4347,12
4348,5
4349,9
4350,12
4351,5
4352,10
4353,9
4354,8
4355,6
4356,12
4357,13
4358,7
4359,9
4360,9
4361,6
4362,6
4363,9
4364,13
4365,8
4366,7
4367,7
4368,8
4369,12
4370,6
4371,11
4372,11
4373,13
4374,8
4375,9
4376,8
4377,10
4378,9
4379,12
4380,11
4381,11
4382,10
4383,9
4384,9
4385,13
4386,8
4387,5
4388,9
4389,9
4390,13
4391,10
4392,9
4393,7
4394,12
4395,13
4396,9
4397,11
4398,5
4399,6
4400,12
4401,5
4402,7
4403,7
4404,13
4405,10
4406,7
4407,9
4408,8
4409,5
4410,6
4411,10
4412,8
4413,13
4414,5
4415,8
4416,8
4417,11
4418,7
4419,11
4420,12
4421,13
4422,13
4423,12
4424,13
4425,12
4426,11
4427,13
4428,7
4429,8
4430,10
4431,8
4432,10
4433,8
4434,13
4435,12
4436,8
4437,13
4438,10
4439,8
4440,5
4441,5
4442,11
4443,13
4444,12
4445,5
4446,11
4447,7
4448,9
4449,5
4450,10
4451,8
4452,9
4453,8
4454,5
4455,11
4456,7
4457,10
4458,9
4459,5
4460,13
4461,11
4462,8
4463,13
4464,7
4465,8
4466,12
4467,5
4468,7
4469,8
4470,5
4471,12
4472,6
4473,5
4474,9
4475,10
4476,10
4477,13
4478,11
4479,5
4480,11
4481,13
4482,13
4483,13
4484,10
4485,11
4486,12
4487,9
4488,6
4489,11
4490,11
4491,11
4492,10
4493,9
4494,12
4495,11
4496,7
4497,12
4498,9
4499,6
4500,13
4501,8
4502,8
4503,10
4504,12
4505,9
4506,13
4507,8
4508,12
4509,11
4510,12
4511,11
4512,11
4513,6
4514,10
4515,5
4516,13
4517,10
4518,5
4519,7
4520,7
4521,13
4522,11
4523,8
4524,7
4525,5
4526,10
4527,10
4528,5
4529,7
4530,11
4531,8
4532,7
4533,13
4534,13
4535,5
4536,10
4537,11
4538,11
4539,9
4540,5
4541,10
4542,7
4543,8
4544,9
4545,13
4546,10
4547,6
4548,5
4549,9
4550,6
4551,8
4552,9
4553,5
4554,8
4555,5
4556,10
4557,11
4558,8
4559,9
4560,5
4561,12
4562,6
4563,12
4564,5
4565,8
4566,6
4567,9
4568,12
4569,10
4570,6
4571,9
4572,6
4573,12
4574,5
4575,11
4576,8
4577,7
4578,12
4579,9
4580,13
4581,12
4582,8
4583,5
4584,9
4585,10
4586,11
4587,13
4588,7
4589,13
4590,9
4591,11
4592,13
4593,9
4594,7
4595,10
4596,8
4597,9
4598,8
4599,6
4600,5
4601,13
4602,11
4603,5
4604,7
4605,9
4606,7
4607,8
4608,13
4609,10
4610,5
4611,12
4612,11
4613,5
4614,8
4615,11
4616,6
4617,8
4618,8
4619,13
4620,12
4621,9
4622,6
4623,8
4624,6
4625,7
4626,12
4627,7
4628,12
4629,10
4630,9
4631,13
4632,5
4633,6
4634,9
4635,7
4636,9
4637,11
4638,5
4639,12
4640,9
4641,13
4642,12
4643,10
4644,12
4645,11
4646,10
4647,13
4648,6
4649,12
4650,5
4651,10
4652,10
4653,12
4654,13
4655,7
4656,9
4657,13
4658,11
4659,12
4660,10
4661,6
4662,6
4663,5
4664,7
4665,7
4666,8
4667,13
4668,13
4669,6
4670,6
4671,8
4672,11
4673,10
4674,9
4675,11
4676,12
4677,6
4678,7
4679,12
4680,13
4681,13
4682,7
4683,6
4684,5
4685,12
4686,8
4687,5
4688,9
4689,9
4690,12
4691,7
4692,9
4693,10
4694,9
4695,5
4696,11
4697,5
4698,9
4699,13
4700,12
4701,13
4702,7
4703,11
4704,8
4705,13
4706,6
4707,7
4708,13
4709,9
4710,8
4711,8
4712,13
4713,8
4714,11
4715,8
4716,12
4717,13
4718,9
4719,5
4720,13
4721,11
4722,5
4723,7
4724,9
4725,9
4726,11
4727,12
4728,13
4729,6
4730,5
4731,11
4732,11
4733,8
4734,10
4735,11
4736,9
4737,13
4738,8
4739,5
4740,6
4741,6
4742,8
4743,12
4744,12
4745,7
4746,13
4747,11
4748,5
4749,6
4750,9
4751,13
4752,8
4753,11
4754,9
4755,10
4756,9
4757,10
4758,13
4759,13
4760,11
4761,5
4762,11
4763,11
4764,11
4765,5
4766,8
4767,8
4768,9
4769,12
4770,12
4771,6
4772,13
4773,10
4774,13
4775,6
4776,7
4777,8
4778,13
4779,9
4780,9
4781,8
4782,9
4783,13
4784,12
4785,10
4786,8
4787,6
4788,6
4789,5
4790,12
4791,6
4792,5
4793,8
4794,12
4795,9
4796,9
4797,11
4798,9
4799,13
4800,5
4801,8
4802,13
4803,12
4804,10
4805,5
4806,12
4807,8
4808,13
4809,13
4810,6
4811,9
4812,7
4813,7
4814,13
4815,9
4816,6
4817,12
4818,12
4819,13
4820,9
4821,12
4822,13
4823,13
4824,7
4825,6
4826,8
4827,5
4828,10
4829,13
4830,13
4831,7
4832,12
4833,8
4834,9
4835,6
4836,10
4837,13
4838,12
4839,8
4840,7
4841,11
4842,12
4843,13
4844,5
4845,5
4846,10
4847,7
4848,7
4849,7
4850,6
4851,8
4852,11
4853,12
4854,7
4855,7
4856,10
4857,7
4858,7
4859,7
4860,7
4861,8
4862,10
4863,9
4864,6
4865,9
4866,11
4867,7
4868,6
4869,5
4870,13
4871,5
4872,11
4873,10
4874,9
4875,6
4876,7
4877,7
4878,8
4879,13
4880,7
4881,8
4882,5
4883,5
4884,6
4885,7
4886,7
4887,7
4888,11
4889,9
4890,6
4891,6
4892,6
4893,12
4894,12
4895,9
4896,5
4897,10
4898,11
4899,5
4900,11
4901,6
4902,10
4903,6
4904,5
4905,7
4906,10
4907,6
4908,8
4909,11
4910,13
4911,11
4912,13
4913,9
4914,9
4915,7
4916,12
4917,7
4918,5
4919,5
4920,13
4921,12
4922,13
4923,13
4924,11
4925,9
4926,6
4927,7
4928,12
4929,6
4930,5
4931,6
4932,10
4933,8
4934,6
4935,9
4936,8
4937,7
4938,8
4939,7
4940,10
4941,10
4942,9
4943,7
4944,6
4945,13
4946,13
4947,7
4948,11
4949,9
4950,9
4951,11
4952,13
4953,5
4954,7
4955,11
4956,12
4957,9
4958,9
4959,12
4960,6
4961,11
4962,12
4963,12
4964,8
4965,6
4966,13
4967,13
4968,11
4969,7
4970,12
4971,11
4972,11
4973,10
4974,8
4975,6
4976,6
4977,11
4978,6
4979,5
4980,12
4981,11
4982,7
4983,6
4984,7
4985,6
4986,11
4987,5
4988,8
4989,7
4990,9
4991,11
4992,7
4993,13
4994,10
4995,6
4996,10
4997,11
4998,12
4999,12
5000,13
5001,13
5002,5
5003,6
5004,5
5005,10
5006,13
5007,13
5008,12
5009,10
5010,10
5011,8
5012,5
5013,7
5014,7
5015,11
5016,9
5017,9
5018,5
5019,11
5020,7
5021,10
5022,13
5023,7
5024,12
5025,10
5026,10
5027,12
5028,11
5029,12
5030,5
5031,8
5032,6
5033,11
5034,7
5035,9
5036,12
5037,10
5038,12
5039,6
5040,11
5041,7
5042,12
5043,10
5044,12
5045,11
5046,7
5047,9
5048,12
5049,11
5050,7
5051,13
5052,8
5053,7
5054,8
5055,12
5056,11
5057,5
5058,8
5059,11
5060,10
5061,10
5062,12
5063,9
5064,7
5065,11
5066,12
5067,10
5068,5
5069,11
5070,6
5071,9
5072,7
5073,6
5074,13
5075,6
5076,11
5077,9
5078,13
5079,6
5080,6
5081,9
5082,8
5083,5
5084,8
5085,7
5086,10
5087,13
5088,6
5089,7
5090,5
5091,7
5092,5
5093,9
5094,9
5095,11
5096,13
5097,13
5098,5
5099,6
5100,8
5101,7
5102,11
5103,8
5104,12
5105,5
5106,13
5107,9
5108,7
5109,5
5110,7
5111,5
5112,7
5113,6
5114,13
5115,12
5116,10
5117,9
5118,12
5119,5
5120,12
5121,12
5122,12
5123,8
5124,5
5125,11
5126,7
5127,8
5128,5
5129,7
5130,5
5131,11
5132,8
5133,8
5134,8
5135,10
5136,13
5137,6
5138,11
5139,9
5140,7
5141,8
5142,9
5143,8
5144,5
5145,7
5146,11
5147,7
5148,11
5149,10
5150,5
5151,11
5152,6
5153,12
5154,12
5155,11
5156,7
5157,10
5158,7
5159,8
5160,13
5161,11
5162,9
5163,5
5164,10
5165,10
5166,13
5167,13
5168,5
5169,5
5170,5
5171,8
5172,8
5173,12
5174,11
5175,9
5176,12
5177,13
5178,5
5179,6
5180,8
5181,13
5182,9
5183,9
5184,12
5185,11
5186,8
5187,9
5188,12
5189,10
5190,8
5191,7
5192,7
5193,9
5194,13
5195,13
5196,5
5197,12
5198,9
5199,10
5200,9
5201,12
5202,6
5203,11
5204,13
5205,13
5206,11
5207,11
5208,10
5209,11
5210,10
5211,5
5212,9
5213,12
5214,6
5215,12
5216,6
5217,10
5218,5
5219,10
5220,9
5221,11
5222,10
5223,8
5224,7
5225,12
5226,8
5227,13
5228,7
5229,9
5230,8
5231,8
5232,7
5233,7
5234,6
5235,12
5236,7
5237,11
5238,8
5239,10
5240,8
5241,9
5242,6
5243,6
5244,8
5245,7
5246,8
5247,10
5248,12
5249,6
5250,13
5251,8
5252,12
5253,6
5254,5
5255,10
5256,7
5257,11
5258,5
5259,8
5260,5
5261,12
5262,9
5263,7
5264,5
5265,9
5266,8
5267,7
5268,12
5269,6
5270,9
5271,12
5272,5
5273,12
5274,6
5275,10
5276,9
5277,12
5278,9
5279,8
5280,12
5281,11
5282,6
5283,6
5284,12
5285,5
5286,9
5287,5
5288,10
5289,10
5290,9
5291,13
5292,11
5293,5
5294,7
5295,9
5296,7
5297,6
5298,5
5299,12
5300,6
5301,7
5302,9
5303,5
5304,13
5305,10
5306,10
5307,9
5308,9
5309,8
5310,8
5311,8
5312,6
5313,9
5314,12
5315,8
5316,12
5317,5
5318,5
5319,6
5320,6
5321,9
5322,6
5323,12
5324,12
5325,7
5326,7
5327,13
5328,8
5329,7
5330,5
5331,9
5332,12
5333,13
5334,11
5335,8
5336,7
5337,9
5338,11
5339,6
5340,11
5341,10
5342,7
5343,13
5344,7
5345,5
5346,13
5347,11
5348,9
5349,8
5350,5
5351,13
5352,5
5353,13
5354,11
5355,11
5356,9
5357,5
5358,9
5359,13
5360,13
5361,5
5362,10
5363,6
5364,6
5365,7
5366,5
5367,8
5368,6
5369,13
5370,9
5371,10
5372,11
5373,6
5374,6
5375,13
5376,13
5377,13
5378,8
5379,5
5380,5
5381,9
5382,5
5383,8
5384,13
5385,8
5386,11
5387,9
5388,6
5389,13
5390,8
5391,13
5392,11
5393,11
5394,5
5395,5
5396,6
5397,5
5398,9
5399,10
5400,5
5401,8
5402,11
5403,5
5404,8
5405,12
5406,11
5407,6
5408,8
5409,8
5410,13
5411,9
5412,8
5413,13
5414,10
5415,7
5416,5
5417,11
5418,8
5419,7
5420,6
5421,9
5422,11
5423,13
5424,6
5425,11
5426,5
5427,5
5428,8
5429,11
5430,11
5431,7
5432,12
5433,7
5434,11
5435,11
5436,12
5437,8
5438,10
5439,11
5440,7
5441,5
5442,5
5443,7
5444,7
5445,10
5446,5
5447,7
5448,11
5449,7
5450,12
5451,5
5452,8
5453,8
5454,13
5455,10
5456,11
5457,8
5458,12
5459,12
5460,9
5461,5
5462,6
5463,13
5464,6
5465,8
5466,6
5467,13
5468,8
5469,13
5470,12
5471,13
5472,13
5473,5
5474,6
5475,10
5476,12
5477,11
5478,10
5479,13
5480,9
5481,12
5482,8
5483,5
5484,12
5485,7
5486,9
5487,8
5488,12
5489,13
5490,10
5491,12
5492,7
5493,11
5494,10
5495,12
5496,12
5497,9
5498,10
5499,10
5500,7
5501,11
5502,5
5503,8
5504,12
5505,6
5506,7
5507,6
5508,7
5509,10
5510,11
5511,13
5512,10
5513,5
5514,5
5515,8
5516,5
5517,13
5518,5
5519,7
5520,7
5521,12
5522,13
5523,9
5524,9
5525,10
5526,12
5527,11
5528,10
5529,5
5530,6
5531,6
5532,13
5533,8
5534,12
5535,5
5536,10
5537,13
5538,11
5539,13
5540,9
5541,13
5542,12
5543,11
5544,7
5545,12
5546,9
5547,8
5548,8
5549,6
5550,10
5551,11
5552,9
5553,7
5554,6
5555,8
5556,6
5557,7
5558,9
5559,6
5560,9
5561,8
5562,6
5563,5
5564,11
5565,6
5566,9
5567,6
5568,12
5569,7
5570,12
5571,11
5572,10
5573,8
5574,10
5575,8
5576,7
5577,9
5578,10
5579,7
5580,8
5581,6
5582,12
5583,6
5584,6
5585,6
5586,13
5587,6
5588,8
5589,12
5590,8
5591,6
5592,10
5593,10
5594,9
5595,12
5596,13
5597,10
5598,6
5599,11
5600,11
5601,13
5602,13
5603,13
5604,10
5605,8
5606,11
5607,5
5608,5
5609,5
5610,7
5611,7
5612,12
5613,11
5614,11
5615,7
5616,9
5617,12
5618,6
5619,8
5620,11
5621,6
5622,12
5623,7
5624,5
5625,6
5626,8
5627,5
5628,7
5629,10
5630,8
5631,13
5632,7
5633,11
5634,9
5635,5
5636,12
5637,12
5638,6
5639,8
5640,5
5641,10
5642,6
5643,6
5644,8
5645,7
5646,7
5647,10
5648,8
5649,10
5650,10
5651,5
5652,12
5653,9
5654,7
5655,12
5656,12
5657,9
5658,6
5659,11
5660,11
5661,10
5662,11
5663,12
5664,7
5665,11
5666,11
5667,12
5668,7
5669,11
5670,12
5671,5
5672,5
5673,12
5674,11
5675,13
5676,5
5677,7
5678,8
5679,13
5680,7
5681,8
5682,8
5683,7
5684,7
5685,10
5686,7
5687,13
5688,5
5689,9
5690,10
5691,7
5692,7
5693,8
5694,6
5695,9
5696,11
5697,6
5698,8
5699,11
5700,9
5701,12
5702,7
5703,9
5704,13
5705,13
5706,5
5707,13
5708,11
5709,6
5710,10
5711,11
5712,9
5713,5
5714,9
5715,9
5716,5
5717,11
5718,5
5719,13
5720,7
5721,6
5722,9
5723,12
5724,5
5725,10
5726,6
5727,11
5728,6
5729,7
5730,9
5731,9
5732,13
5733,11
5734,11
5735,7
5736,13
5737,13
5738,12
5739,7
5740,9
5741,11
5742,9
5743,8
5744,9
5745,12
5746,11
5747,6
5748,5
5749,5
5750,9
5751,7
5752,9
5753,6
5754,12
5755,10
5756,12
5757,12
5758,11
5759,13
5760,9
5761,8
5762,6
5763,5
5764,8
5765,11
5766,9
5767,5
5768,12
5769,8
5770,13
5771,5
5772,12
5773,8
5774,12
5775,10
5776,8
5777,12
5778,7
5779,7
5780,11
5781,11
5782,6
5783,7
5784,11
5785,8
5786,7
5787,11
5788,6
5789,13
5790,7
5791,6
5792,5
5793,7
5794,5
5795,10
5796,6
5797,5
5798,11
5799,5
5800,6
5801,12
5802,13
5803,7
5804,7
5805,10
5806,7
5807,7
5808,7
5809,5
5810,10
5811,7
5812,5
5813,9
5814,12
5815,8
5816,13
5817,6
5818,12
5819,12
5820,12
5821,10
5822,8
5823,11
5824,12
5825,12
5826,10
5827,11
5828,8
5829,6
5830,12
5831,13
5832,10
5833,6
5834,5
5835,11
5836,13
5837,9
5838,6
5839,5
5840,9
5841,11
5842,12
5843,11
5844,6
5845,7
5846,8
5847,5
5848,9
5849,12
5850,11
5851,5
5852,9
5853,7
5854,12
5855,12
5856,11
5857,6
5858,9
5859,10
5860,9
5861,12
5862,7
5863,10
5864,7
5865,10
5866,5
5867,13
5868,5
5869,12
5870,7
5871,13
5872,11
5873,5
5874,5
5875,11
5876,11
5877,10
5878,5
5879,9
5880,13
5881,8
5882,10
5883,10
5884,13
5885,12
5886,5
5887,11
5888,11
5889,8
5890,7
5891,11
5892,9
5893,10
5894,6
5895,7
5896,11
5897,7
5898,6
5899,9
5900,9
5901,10
5902,10
5903,11
5904,11
5905,7
5906,10
5907,8
5908,12
5909,10
5910,12
5911,10
5912,9
5913,8
5914,10
5915,8
5916,10
5917,7
5918,6
5919,10
5920,8
5921,13
5922,5
5923,9
5924,5
5925,10
5926,8
5927,13
5928,7
5929,11
5930,9
5931,6
5932,13
5933,6
5934,10
5935,7
5936,5
5937,5
5938,8
5939,12
5940,7
5941,6
5942,9
5943,9
5944,5
5945,7
5946,10
5947,12
5948,8
5949,7
5950,10
5951,9
5952,10
5953,9
5954,7
5955,6
5956,5
5957,13
5958,6
5959,8
5960,11
5961,7
5962,9
5963,10
5964,5
5965,10
5966,12
5967,9
5968,9
5969,8
5970,13
5971,7
5972,13
5973,11
5974,8
5975,10
5976,7
5977,9
5978,6
5979,5
5980,6
5981,10
5982,13
5983,5
5984,5
5985,10
5986,6
5987,5
5988,12
5989,9
5990,7
5991,10
5992,7
5993,6
5994,13
5995,9
5996,10
5997,6
5998,11
5999,10
6000,9
6001,11
6002,12
6003,7
6004,11
6005,8
6006,8
6007,6
6008,8
6009,12
6010,6
6011,10
6012,8
6013,9
6014,12
6015,5
6016,10
6017,8
6018,8
6019,6
6020,10
6021,8
6022,12
6023,9
6024,11
6025,6
6026,12
6027,6
6028,7
6029,11
6030,7
6031,13
6032,10
6033,13
6034,10
6035,10
6036,13
6037,9
6038,7
6039,10
6040,9
6041,6
6042,10
6043,7
6044,11
6045,13
6046,5
6047,12
6048,10
6049,5
6050,11
6051,12
6052,11
6053,12
6054,8
6055,10
6056,12
6057,5
6058,7
6059,10
6060,11
6061,12
6062,9
6063,5
6064,7
6065,13
6066,11
6067,6
6068,5
6069,10
6070,9
6071,13
6072,12
6073,8
6074,6
6075,7
6076,12
6077,13
6078,10
6079,9
6080,7
6081,6
6082,10
6083,5
6084,6
6085,9
6086,8
6087,11
6088,8
6089,7
6090,5
6091,12
6092,7
6093,13
6094,7
6095,5
6096,6
6097,10
6098,12
6099,10
6100,8
6101,9
6102,6
6103,5
6104,11
6105,11
6106,6
6107,9
6108,11
6109,11
6110,10
6111,9
6112,5
6113,5
6114,8
6115,6
6116,5
6117,5
6118,7
6119,5
6120,10
6121,7
6122,8
6123,10
6124,9
6125,5
6126,7
6127,5
6128,10
6129,5
6130,11
6131,6
6132,6
6133,10
6134,5
6135,13
6136,10
6137,7
6138,9
6139,12
6140,5
6141,11
6142,9
6143,9
6144,8
6145,13
6146,6
6147,5
6148,6
6149,10
6150,6
6151,8
6152,11
6153,10
6154,8
6155,6
6156,9
6157,8
6158,6
6159,13
6160,10
6161,11
6162,13
6163,9
6164,5
6165,8
6166,9
6167,9
6168,7
6169,11
6170,8
6171,10
6172,6
6173,5
6174,5
6175,9
6176,13
6177,10
6178,11
6179,5
6180,5
6181,8
6182,9
6183,6
6184,10
6185,5
6186,6
6187,11
6188,11
6189,8
6190,8
6191,8
6192,12
6193,9
6194,9
6195,10
6196,6
6197,9
6198,12
6199,7
6200,6
6201,8
6202,5
6203,11
6204,7
6205,11
6206,9
6207,8
6208,5
6209,9
6210,11
6211,9
6212,9
6213,10
6214,13
6215,9
6216,11
6217,7
6218,5
6219,11
6220,12
6221,9
6222,11
6223,7
6224,13
6225,9
6226,12
6227,13
6228,13
6229,13
6230,10
6231,7
6232,8
6233,11
6234,9
6235,6
6236,7
6237,6
6238,8
6239,9
6240,5
6241,10
6242,7
6243,11
6244,13
6245,12
6246,6
6247,6
6248,6
6249,6
6250,13
6251,8
6252,10
6253,12
6254,8
6255,10
6256,8
6257,11
6258,6
6259,6
6260,9
6261,7
6262,8
6263,11
6264,7
6265,11
6266,8
6267,8
6268,10
6269,8
6270,9
6271,5
6272,8
6273,13
6274,9
6275,11
6276,11
6277,12
6278,8
6279,6
6280,13
6281,5
6282,8
6283,12
6284,8
6285,11
6286,11
6287,13
6288,11
6289,7
6290,10
6291,12
6292,10
6293,9
6294,8
6295,10
6296,12
6297,7
6298,12
6299,8
6300,11
6301,11
6302,8
6303,9
6304,5
6305,5
6306,6
6307,11
6308,12
6309,6
6310,6
6311,6
6312,11
6313,8
6314,13
6315,8
6316,7
6317,6
6318,7
6319,9
6320,7
6321,8
6322,8
6323,12
6324,7
6325,10
6326,8
6327,13
6328,6
6329,12
6330,13
6331,7
6332,12
6333,8
6334,12
6335,5
6336,5
6337,7
6338,9
6339,13
6340,9
6341,11
6342,13
6343,8
6344,8
6345,10
6346,7
6347,9
6348,12
6349,7
6350,10
6351,10
6352,8
6353,5
6354,10
6355,11
6356,13
6357,12
6358,12
6359,7
6360,5
6361,9
6362,7
6363,5
6364,6
6365,6
6366,13
6367,8
6368,8
6369,6
6370,9
6371,10
6372,7
6373,7
6374,6
6375,12
6376,5
6377,5
6378,5
6379,9
6380,12
6381,5
6382,8
6383,13
6384,13
6385,12
6386,9
6387,8
6388,12
6389,10
6390,5
6391,9
6392,12
6393,12
6394,9
6395,10
6396,10
6397,13
6398,11
6399,6
6400,7
6401,9
6402,5
6403,8
6404,10
6405,12
6406,9
6407,5
6408,8
6409,13
6410,13
6411,11
6412,12
6413,12
6414,8
6415,5
6416,8
6417,7
6418,5
6419,6
6420,12
6421,7
6422,11
6423,11
6424,10
6425,5
6426,8
6427,9
6428,12
6429,9
6430,9
6431,10
6432,8
6433,13
6434,6
6435,8
6436,7
6437,5
6438,8
6439,5
6440,12
6441,9
6442,10
6443,11
6444,7
6445,5
6446,6
6447,6
6448,6
6449,6
6450,11
6451,11
6452,11
6453,9
6454,9
6455,9
6456,13
6457,12
6458,10
6459,6
6460,13
6461,5
6462,13
6463,10
6464,9
6465,8
6466,5
6467,10
6468,13
6469,9
6470,9
6471,9
6472,6
6473,13
6474,7
6475,13
6476,9
6477,12
6478,10
6479,13
6480,7
6481,13
6482,9
6483,5
6484,13
6485,7
6486,7
6487,9
6488,12
6489,6
6490,6
6491,5
6492,13
6493,13
6494,6
6495,7
6496,10
6497,13
6498,13
6499,5
6500,11
6501,8
6502,5
6503,6
6504,12
6505,7
6506,13
6507,13
6508,9
6509,6
6510,7
6511,8
6512,7
6513,12
6514,13
6515,9
6516,5
6517,10
6518,12
6519,12
6520,7
6521,11
6522,13
6523,10
6524,6
6525,9
6526,12
6527,10
6528,8
6529,9
6530,8
6531,7
6532,13
6533,8
6534,12
6535,11
6536,11
6537,10
6538,5
6539,10
6540,8
6541,13
6542,7
6543,12
6544,13
6545,10
6546,7
6547,12
6548,6
6549,13
6550,13
6551,5
6552,11
6553,6
6554,10
6555,13
6556,5
6557,11
6558,12
6559,11
6560,12
6561,10
6562,11
6563,9
6564,13
6565,11
6566,5
6567,11
6568,5
6569,5
6570,10
6571,9
6572,5
6573,5
6574,13
6575,13
6576,7
6577,8
6578,7
6579,11
6580,6
6581,12
6582,11
6583,9
6584,10
6585,8
6586,8
6587,13
6588,9
6589,12
6590,12
6591,10
6592,9
6593,9
6594,13
6595,8
6596,7
6597,9
6598,7
6599,9
6600,11
6601,5
6602,10
6603,7
6604,9
6605,11
6606,10
6607,10
6608,6
6609,6
6610,10
6611,9
6612,9
6613,5
6614,5
6615,5
6616,6
6617,12
6618,10
6619,12
6620,11
6621,5
6622,13
6623,10
6624,13
6625,9
6626,11
6627,8
6628,6
6629,7
6630,12
6631,12
6632,12
6633,6
6634,9
6635,11
6636,11
6637,5
6638,13
6639,12
6640,10
6641,5
6642,11
6643,13
6644,8
6645,6
6646,11
6647,13
6648,8
6649,6
6650,9
6651,5
6652,9
6653,9
6654,7
6655,13
6656,5
6657,5
6658,13
6659,6
6660,7
6661,7
6662,8
6663,11
6664,12
6665,8
6666,7
6667,8
6668,11
6669,12
6670,11
6671,6
6672,11
6673,7
6674,9
6675,9
6676,5
6677,8
6678,7
6679,6
6680,7
6681,7
6682,8
6683,11
6684,5
6685,6
6686,9
6687,9
6688,9
6689,13
6690,13
6691,9
6692,5
6693,10
6694,7
6695,7
6696,5
6697,11
6698,8
6699,12
6700,12
6701,8
6702,13
6703,8
6704,6
6705,12
6706,11
6707,5
6708,7
6709,9
6710,8
6711,11
6712,9
6713,5
6714,5
6715,7
6716,6
6717,12
6718,13
6719,11
6720,8
6721,9
6722,9
6723,12
6724,12
6725,11
6726,6
6727,11
6728,9
6729,9
6730,10
6731,10
6732,6
6733,12
6734,10
6735,6
6736,6
6737,11
6738,9
6739,9
6740,8
6741,8
6742,11
6743,12
6744,7
6745,10
6746,9
6747,5
6748,13
6749,8
6750,13
6751,11
6752,6
6753,11
6754,9
6755,5
6756,11
6757,6
6758,12
6759,9
6760,5
6761,6
6762,10
6763,5
6764,7
6765,6
6766,9
6767,7
6768,11
6769,9
6770,11
6771,11
6772,8
6773,12
6774,11
6775,12
6776,12
6777,13
6778,13
6779,8
6780,5
6781,10
6782,5
6783,7
6784,6
6785,8
6786,8
6787,7
6788,7
6789,12
6790,6
6791,6
6792,5
6793,9
6794,5
6795,8
6796,6
6797,8
6798,5
6799,9
6800,10
6801,8
6802,6
6803,12
6804,12
6805,8
6806,9
6807,8
6808,8
6809,12
6810,5
6811,13
6812,5
6813,11
6814,5
6815,12
6816,9
6817,9
6818,6
6819,5
6820,12
6821,12
6822,13
6823,11
6824,10
6825,6
6826,6
6827,5
6828,11
6829,9
6830,9
6831,13
6832,10
6833,10
6834,13
6835,5
6836,10
6837,11
6838,11
6839,13
6840,12
6841,12
6842,12
6843,5
6844,6
6845,6
6846,11
6847,8
6848,13
6849,10
6850,8
6851,13
6852,9
6853,10
6854,10
6855,12
6856,11
6857,12
6858,10
6859,9
6860,12
6861,10
6862,6
6863,11
6864,9
6865,7
6866,11
6867,10
6868,13
6869,6
6870,6
6871,6
6872,7
6873,6
6874,12
6875,9
6876,12
6877,13
6878,9
6879,7
6880,13
6881,10
6882,10
6883,13
6884,6
6885,6
6886,12
6887,8
6888,10
6889,11
6890,7
6891,5
6892,13
6893,12
6894,10
6895,7
6896,10
6897,9
6898,13
6899,11
6900,6
6901,8
6902,6
6903,7
6904,6
6905,10
6906,12
6907,6
6908,7
6909,10
6910,5
6911,11
6912,8
6913,6
6914,12
6915,9
6916,13
6917,6
6918,8
6919,11
6920,11
6921,10
6922,9
6923,12
6924,8
6925,8
6926,12
6927,9
6928,12
6929,5
6930,12
6931,9
6932,6
6933,13
6934,5
6935,11
6936,12
6937,9
6938,9
6939,13
6940,11
6941,11
6942,7
6943,11
6944,6
6945,11
6946,10
6947,8
6948,13
6949,10
6950,9
6951,12
6952,8
6953,6
6954,11
6955,8
6956,12
6957,9
6958,5
6959,13
6960,11
6961,9
6962,13
6963,10
6964,10
6965,10
6966,7
6967,10
6968,8
6969,11
6970,12
6971,13
6972,8
6973,9
6974,13
6975,13
6976,5
6977,7
6978,7
6979,6
6980,8
6981,7
6982,5
6983,10
6984,11
6985,5
6986,9
6987,7
6988,12
6989,6
6990,12
6991,7
6992,12
6993,12
6994,5
6995,5
6996,11
6997,10
6998,5
6999,8
7000,9
7001,5
7002,13
7003,7
7004,12
7005,13
7006,7
7007,6
7008,6
7009,12
7010,8
7011,11
7012,9
7013,8
7014,9
7015,5
7016,7
7017,5
7018,6
7019,9
7020,12
7021,9
7022,12
7023,5
7024,5
7025,9
7026,11
7027,10
7028,12
7029,5
7030,12
7031,7
7032,11
7033,11
7034,11
7035,7
7036,11
7037,9
7038,12
7039,7
7040,9
7041,9
7042,13
7043,8
7044,7
7045,11
7046,5
7047,8
7048,6
7049,8
7050,9
7051,5
7052,12
7053,11
7054,5
7055,11
7056,7
7057,12
7058,10
7059,8
7060,7
7061,7
7062,11
7063,7
7064,13
7065,5
7066,6
7067,12
7068,6
7069,12
7070,5
7071,13
7072,7
7073,9
7074,9
7075,8
7076,10
7077,12
7078,6
7079,6
7080,5
7081,10
7082,10
7083,6
7084,11
7085,10
7086,6
7087,11
7088,12
7089,9
7090,11
7091,12
7092,9
7093,8
7094,12
7095,6
7096,7
7097,10
7098,12
7099,8
7100,5
7101,11
7102,9
7103,7
7104,5
7105,11
7106,13
7107,5
7108,10
7109,13
7110,7
7111,7
7112,9
7113,11
7114,13
7115,6
7116,11
7117,13
7118,6
7119,11
7120,10
7121,5
7122,6
7123,12
7124,10
7125,7
7126,12
7127,5
7128,6
7129,10
7130,12
7131,8
7132,9
7133,10
7134,8
7135,5
7136,10
7137,9
7138,5
7139,13
7140,10
7141,13
7142,12
7143,5
7144,6
7145,7
7146,13
7147,8
7148,7
7149,7
7150,5
7151,7
7152,13
7153,9
7154,12
7155,9
7156,13
7157,11
7158,11
7159,5
7160,11
7161,12
7162,5
7163,6
7164,13
7165,10
7166,8
7167,9
7168,6
7169,13
7170,8
7171,10
7172,8
7173,8
7174,6
7175,10
7176,5
7177,11
7178,8
7179,11
7180,8
7181,5
7182,9
7183,6
7184,5
7185,7
7186,7
7187,9
7188,8
7189,8
7190,9
7191,8
7192,9
7193,6
7194,7
7195,8
7196,7
7197,5
7198,6
7199,13
7200,9
7201,10
7202,11
7203,8
7204,9
7205,12
7206,10
7207,11
7208,11
7209,6
7210,5
7211,6
7212,5
7213,8
7214,13
7215,9
7216,10
7217,11
7218,7
7219,5
7220,12
7221,8
7222,9
7223,11
7224,13
7225,7
7226,8
7227,7
7228,11
7229,6
7230,7
7231,7
7232,10
7233,7
7234,11
7235,8
7236,6
7237,10
7238,7
7239,13
7240,11
7241,13
7242,5
7243,9
7244,7
7245,6
7246,6
7247,13
7248,12
7249,10
7250,9
7251,10
7252,5
7253,10
7254,5
7255,13
7256,6
7257,6
7258,6
7259,12
7260,5
7261,11
7262,10
7263,5
7264,12
7265,6
7266,13
7267,6
7268,12
7269,7
7270,11
7271,6
7272,11
7273,10
7274,10
7275,9
7276,5
7277,11
7278,9
7279,8
7280,12
7281,6
7282,11
7283,7
7284,9
7285,10
7286,6
7287,6
7288,13
7289,13
7290,8
7291,12
7292,8
7293,10
7294,10
7295,12
7296,5
7297,10
7298,13
7299,6
7300,8
7301,11
7302,11
7303,9
7304,8
7305,10
7306,9
7307,8
7308,6
7309,13
7310,10
7311,10
7312,5
7313,12
7314,8
7315,10
7316,6
7317,6
7318,11
7319,11
7320,12
7321,6
7322,13
7323,11
7324,6
7325,13
7326,8
7327,10
7328,13
7329,10
7330,7
7331,13
7332,9
7333,12
7334,12
7335,6
7336,10
7337,6
7338,6
7339,10
7340,11
7341,11
7342,5
7343,8
7344,9
7345,7
7346,6
7347,10
7348,6
7349,8
7350,12
7351,5
7352,12
7353,13
7354,5
7355,9
7356,13
7357,13
7358,13
7359,9
7360,9
7361,13
7362,7
7363,13
7364,9
7365,5
7366,7
7367,13
7368,7
7369,11
7370,8
7371,13
7372,6
7373,9
7374,6
7375,11
7376,12
7377,12
7378,8
7379,12
7380,5
7381,10
7382,12
7383,7
7384,8
7385,13
7386,9
7387,10
7388,12
7389,12
7390,13
7391,8
7392,8
7393,12
7394,11
7395,8
7396,10
7397,10
7398,13
7399,6
7400,6
7401,10
7402,13
7403,13
7404,5
7405,9
7406,13
7407,12
7408,5
7409,10
7410,13
7411,8
7412,5
7413,7
7414,10
7415,12
7416,7
7417,13
7418,12
7419,9
7420,10
7421,12
7422,10
7423,5
7424,6
7425,13
7426,13
7427,11
7428,6
7429,9
7430,12
7431,9
7432,12
7433,10
7434,5
7435,9
7436,9
7437,9
7438,5
7439,12
7440,7
7441,11
7442,9
7443,10
7444,8
7445,10
7446,7
7447,12
7448,12
7449,5
7450,6
7451,5
7452,10
7453,7
7454,9
7455,8
7456,12
7457,10
7458,10
7459,6
7460,6
7461,6
7462,5
7463,13
7464,7
7465,13
7466,8
7467,5
7468,8
7469,11
7470,9
7471,12
7472,8
7473,11
7474,12
7475,8
7476,10
7477,6
7478,13
7479,8
7480,5
7481,7
7482,13
7483,9
7484,6
7485,6
7486,9
7487,11
7488,7
7489,10
7490,5
7491,12
7492,11
7493,5
7494,10
7495,6
7496,11
7497,5
7498,8
7499,6
7500,6
7501,7
7502,7
7503,10
7504,6
7505,13
7506,5
7507,8
7508,11
7509,11
7510,7
7511,13
7512,5
7513,9
7514,10
7515,8
7516,6
7517,5
7518,6
7519,12
7520,6
7521,12
7522,12
7523,6
7524,7
7525,7
7526,12
7527,10
7528,9
7529,6
7530,12
7531,8
7532,8
7533,7
7534,13
7535,9
7536,6
7537,11
7538,8
7539,5
7540,12
7541,13
7542,7
7543,11
7544,6
7545,10
7546,6
7547,12
7548,5
7549,12
7550,10
7551,8
7552,10
7553,11
7554,13
7555,9
7556,9
7557,7
7558,8
7559,13
7560,9
7561,10
7562,10
7563,7
7564,5
7565,8
7566,12
7567,5
7568,10
7569,5
7570,11
7571,10
7572,9
7573,11
7574,6
7575,10
7576,7
7577,13
7578,10
7579,13
7580,6
7581,13
7582,7
7583,6
7584,6
7585,12
7586,5
7587,11
7588,6
7589,6
7590,9
7591,11
7592,13
7593,11
7594,13
7595,12
7596,12
7597,9
7598,9
7599,6
7600,6
7601,11
7602,11
7603,7
7604,7
7605,11
7606,6
7607,10
7608,5
7609,12
7610,9
7611,9
7612,12
7613,5
7614,5
7615,10
7616,9
7617,13
7618,13
7619,5
7620,10
7621,7
7622,13
7623,10
7624,12
7625,8
7626,8
7627,12
7628,9
7629,9
7630,13
7631,13
7632,6
7633,7
7634,11
7635,9
7636,10
7637,8
7638,8
7639,8
7640,7
7641,12
7642,7
7643,9
7644,11
7645,8
7646,5
7647,6
7648,7
7649,10
7650,12
7651,12
7652,12
7653,7
7654,10
7655,7
7656,12
7657,5
7658,6
7659,8
7660,11
7661,10
7662,12
7663,7
7664,5
7665,8
7666,6
7667,9
7668,12
7669,13
7670,11
7671,8
7672,6
7673,11
7674,5
7675,6
7676,10
7677,9
7678,8
7679,11
7680,7
7681,9
7682,12
7683,7
7684,10
7685,10
7686,8
7687,13
7688,8
7689,9
7690,9
7691,7
7692,12
7693,9
7694,13
7695,13
7696,12
7697,8
7698,13
7699,11
7700,9
7701,11
7702,7
7703,10
7704,11
7705,7
7706,10
7707,12
7708,11
7709,9
7710,13
7711,6
7712,6
7713,9
7714,11
7715,5
7716,13
7717,8
7718,6
7719,12
7720,7
7721,9
7722,9
7723,6
7724,13
7725,6
7726,12
7727,7
7728,8
7729,5
7730,8
7731,9
7732,5
7733,12
7734,5
7735,6
7736,7
7737,7
7738,11
7739,10
7740,13
7741,7
7742,6
7743,10
7744,8
7745,7
7746,11
7747,7
7748,6
7749,12
7750,7
7751,12
7752,8
7753,8
7754,5
7755,7
7756,8
7757,13
7758,6
7759,7
7760,5
7761,12
7762,7
7763,10
7764,6
7765,8
7766,13
7767,10
7768,8
7769,9
7770,12
7771,9
7772,5
7773,10
7774,12
7775,12
7776,5
7777,8
7778,6
7779,13
7780,11
7781,8
7782,7
7783,8
7784,7
7785,13
7786,9
7787,8
7788,13
7789,13
7790,9
7791,11
7792,8
7793,6
7794,10
7795,7
7796,11
7797,12
7798,13
7799,9
7800,9
7801,11
7802,8
7803,6
7804,9
7805,9
7806,9
7807,7
7808,11
7809,5
7810,5
7811,10
7812,13
7813,13
7814,8
7815,5
7816,8
7817,13
7818,10
7819,11
7820,5
7821,7
7822,7
7823,12
7824,10
7825,9
7826,5
7827,8
7828,9
7829,11
7830,7
7831,5
7832,12
7833,13
7834,9
7835,7
7836,11
7837,7
7838,13
7839,13
7840,12
7841,9
7842,6
7843,7
7844,7
7845,5
7846,13
7847,7
7848,8
7849,8
7850,13
7851,12
7852,13
7853,5
7854,7
7855,6
7856,12
7857,6
7858,8
7859,6
7860,11
7861,9
7862,5
7863,11
7864,13
7865,6
7866,5
7867,7
7868,9
7869,11
7870,10
7871,10
7872,10
7873,12
7874,11
7875,13
7876,7
7877,10
7878,10
7879,9
7880,8
7881,10
7882,12
7883,9
7884,6
7885,12
7886,7
7887,5
7888,12
7889,12
7890,9
7891,8
7892,7
7893,10
7894,11
7895,7
7896,8
7897,12
7898,9
7899,13
7900,13
7901,11
7902,11
7903,11
7904,8
7905,6
7906,7
7907,6
7908,13
7909,9
7910,6
7911,8
7912,5
7913,5
7914,10
7915,5
7916,11
7917,10
7918,11
7919,5
7920,9
7921,8
7922,12
7923,6
7924,12
7925,10
7926,10
7927,6
7928,5
7929,13
7930,11
7931,11
7932,9
7933,9
7934,7
7935,8
7936,7
7937,10
7938,8
7939,7
7940,10
7941,7
7942,11
7943,6
7944,9
7945,7
7946,6
7947,5
7948,7
7949,9
7950,8
7951,7
7952,9
7953,6
7954,10
7955,5
7956,11
7957,12
7958,5
7959,11
7960,9
7961,10
7962,11
7963,11
7964,10
7965,8
7966,11
7967,9
7968,9
7969,5
7970,12
7971,13
7972,11
7973,13
7974,5
7975,6
7976,9
7977,10
7978,5
7979,10
7980,8
7981,8
7982,11
7983,6
7984,6
7985,7
7986,10
7987,7
7988,5
7989,9
7990,13
7991,9
7992,12
7993,9
7994,11
7995,11
7996,12
7997,10
7998,12
7999,13
8000,7
8001,7
8002,9
8003,9
8004,13
8005,10
8006,9
8007,10
8008,7
8009,7
8010,10
8011,8
8012,12
8013,8
8014,9
8015,13
8016,9
8017,7
8018,8
8019,8
8020,6
8021,6
8022,12
8023,10
8024,6
8025,13
8026,6
8027,5
8028,10
8029,11
8030,8
8031,13
8032,8
8033,6
8034,12
8035,10
8036,11
8037,7
8038,9
8039,10
8040,8
8041,8
8042,11
8043,8
8044,11
8045,7
8046,13
8047,9
8048,11
8049,13
8050,9
8051,11
8052,6
8053,10
8054,6
8055,6
8056,12
8057,7
8058,13
8059,7
8060,8
8061,13
8062,9
8063,9
8064,10
8065,10
8066,13
8067,13
8068,9
8069,8
8070,13
8071,8
8072,5
8073,10
8074,10
8075,11
8076,10
8077,6
8078,13
8079,5
8080,8
8081,9
8082,6
8083,6
8084,7
8085,12
8086,5
8087,10
8088,10
8089,9
8090,12
8091,10
8092,10
8093,11
8094,13
8095,8
8096,5
8097,6
8098,9
8099,8
8100,11
8101,7
8102,6
8103,11
8104,5
8105,6
8106,8
8107,7
8108,9
8109,5
8110,8
8111,5
8112,9
8113,11
8114,7
8115,13
8116,12
8117,8
8118,8
8119,7
8120,9
8121,12
8122,13
8123,5
8124,7
8125,12
8126,11
8127,13
8128,9
8129,10
8130,11
8131,6
8132,12
8133,7
8134,6
8135,10
8136,9
8137,9
8138,11
8139,11
8140,13
8141,12
8142,10
8143,11
8144,6
8145,6
8146,12
8147,5
8148,7
8149,13
8150,11
8151,11
8152,5
8153,8
8154,9
8155,13
8156,13
8157,8
8158,10
8159,7
8160,13
8161,12
8162,10
8163,12
8164,13
8165,9
8166,6
8167,6
8168,7
8169,13
8170,5
8171,5
8172,12
8173,11
8174,6
8175,9
8176,12
8177,11
8178,13
8179,9
8180,13
8181,8
8182,7
8183,9
8184,12
8185,9
8186,6
8187,11
8188,7
8189,12
8190,10
8191,13
8192,11
8193,6
8194,7
8195,10
8196,5
8197,6
8198,11
8199,8
8200,8
8201,11
8202,5
8203,12
8204,7
8205,10
8206,12
8207,12
8208,13
8209,6
8210,6
8211,5
8212,5
8213,12
8214,8
8215,9
8216,9
8217,5
8218,11
8219,12
8220,7
8221,8
8222,11
8223,11
8224,9
8225,8
8226,11
8227,13
8228,13
8229,10
8230,6
8231,13
8232,11
8233,5
8234,7
8235,5
8236,7
8237,13
8238,7
8239,12
8240,10
8241,13
8242,9
8243,11
8244,10
8245,13
8246,13
8247,8
8248,12
8249,10
8250,13
8251,10
8252,9
8253,6
8254,11
8255,11
8256,11
8257,12
8258,8
8259,13
8260,11
8261,7
8262,8
8263,5
8264,9
8265,7
8266,8
8267,8
8268,5
8269,10
8270,11
8271,6
8272,7
8273,11
8274,12
8275,7
8276,7
8277,12
8278,5
8279,6
8280,7
8281,10
8282,10
8283,12
8284,10
8285,12
8286,6
8287,9
8288,8
8289,9
8290,13
8291,13
8292,7
8293,11
8294,8
8295,13
8296,7
8297,8
8298,11
8299,12
8300,12
8301,11
8302,8
8303,13
8304,5
8305,8
8306,8
8307,12
8308,11
8309,12
8310,11
8311,13
8312,8
8313,6
8314,11
8315,10
8316,9
8317,11
8318,13
8319,12
8320,6
8321,6
8322,5
8323,6
8324,5
8325,9
8326,12
8327,5
8328,11
8329,6
8330,11
8331,7
8332,11
8333,11
8334,10
8335,6
8336,8
8337,13
8338,5
8339,9
8340,9
8341,11
8342,9
8343,12
8344,8
8345,8
8346,8
8347,8
8348,6
8349,9
8350,11
8351,10
8352,13
8353,11
8354,13
8355,7
8356,9
8357,6
8358,7
8359,7
8360,12
8361,9
8362,6
8363,13
8364,11
8365,7
8366,12
8367,8
8368,5
8369,5
8370,12
8371,13
8372,10
8373,6
8374,11
8375,8
8376,6
8377,10
8378,13
8379,5
8380,11
8381,8
8382,12
8383,12
8384,10
8385,5
8386,9
8387,5
8388,11
8389,5
8390,7
8391,6
8392,9
8393,9
8394,7
8395,8
8396,7
8397,11
8398,11
8399,5
8400,10
8401,11
8402,6
8403,11
8404,13
8405,6
8406,13
8407,13
8408,7
8409,6
8410,5
8411,9
8412,13
8413,8
8414,11
8415,9
8416,5
8417,8
8418,6
8419,5
8420,5
8421,6
8422,8
8423,8
8424,11
8425,7
8426,12
8427,13
8428,13
8429,10
8430,7
8431,12
8432,13
8433,13
8434,6
8435,11
8436,10
8437,8
8438,9
8439,13
8440,13
8441,13
8442,10
8443,11
8444,5
8445,7
8446,12
8447,6
8448,12
8449,11
8450,11
8451,8
8452,9
8453,12
8454,12
8455,12
8456,6
8457,12
8458,13
8459,7
8460,5
8461,12
8462,5
8463,8
8464,6
8465,12
8466,5
8467,7
8468,11
8469,13
8470,13
8471,10
8472,6
8473,11
8474,13
8475,9
8476,6
8477,8
8478,12
8479,13
8480,10
8481,8
8482,10
8483,13
8484,7
8485,8
8486,8
8487,13
8488,7
8489,7
8490,7
8491,11
8492,9
8493,8
8494,11
8495,5
8496,7
8497,7
8498,6
8499,12
8500,11
8501,8
8502,10
8503,6
8504,11
8505,12
8506,12
8507,8
8508,5
8509,6
8510,9
8511,8
8512,11
8513,5
8514,9
8515,11
8516,5
8517,9
8518,6
8519,9
8520,6
8521,8
8522,7
8523,11
8524,6
8525,9
8526,9
8527,10
8528,6
8529,6
8530,6
8531,9
8532,12
8533,6
8534,11
8535,6
8536,9
8537,10
8538,11
8539,12
8540,11
8541,12
8542,7
8543,11
8544,6
8545,10
8546,7
8547,13
8548,9
8549,9
8550,6
8551,12
8552,13
8553,13
8554,10
8555,13
8556,7
8557,8
8558,12
8559,8
8560,12
8561,10
8562,12
8563,12
8564,11
8565,6
8566,11
8567,7
8568,8
8569,10
8570,11
8571,12
8572,11
8573,5
8574,9
8575,9
8576,7
8577,13
8578,12
8579,8
8580,10
8581,6
8582,13
8583,13
8584,10
8585,13
8586,13
8587,7
8588,6
8589,12
8590,10
8591,7
8592,10
8593,6
8594,13
8595,5
8596,8
8597,7
8598,10
8599,6
8600,11
8601,10
8602,8
8603,8
8604,13
8605,7
8606,5
8607,9
8608,10
8609,7
8610,10
8611,11
8612,6
8613,7
8614,7
8615,5
8616,8
8617,8
8618,8
8619,11
8620,10
8621,12
8622,13
8623,10
8624,6
8625,10
8626,12
8627,5
8628,10
8629,5
8630,7
8631,5
8632,6
8633,7
8634,9
8635,6
8636,8
8637,5
8638,9
8639,5
8640,6
8641,9
8642,9
8643,9
8644,7
8645,12
8646,10
8647,10
8648,12
8649,5
8650,13
8651,5
8652,11
8653,8
8654,9
8655,5
8656,5
8657,10
8658,10
8659,12
8660,12
8661,5
8662,5
8663,13
8664,12
8665,7
8666,8
8667,7
8668,6
8669,12
8670,11
8671,6
8672,10
8673,7
8674,11
8675,7
8676,11
8677,11
8678,5
8679,7
8680,12
8681,6
8682,8
8683,10
8684,6
8685,12
8686,5
8687,12
8688,8
8689,10
8690,7
8691,5
8692,7
8693,5
8694,7
8695,10
8696,9
8697,12
8698,9
8699,13
8700,12
8701,8
8702,6
8703,11
8704,13
8705,5
8706,13
8707,9
8708,9
8709,6
8710,8
8711,8
8712,8
8713,12
8714,11
8715,5
8716,13
8717,10
8718,5
8719,6
8720,9
8721,6
8722,10
8723,6
8724,5
8725,5
8726,8
8727,13
8728,7
8729,8
8730,11
8731,5
8732,9
8733,13
8734,5
8735,9
8736,5
8737,10
8738,12
8739,6
8740,8
8741,11
8742,11
8743,6
8744,5
8745,5
8746,13
8747,7
8748,9
8749,9
8750,10
8751,7
8752,7
8753,7
8754,5
8755,5
8756,7
8757,11
8758,10
8759,8
8760,13
8761,8
8762,10
8763,7
8764,7
8765,8
8766,6
8767,10
8768,9
8769,7
8770,9
8771,13
8772,7
8773,10
8774,10
8775,11
8776,8
8777,11
8778,8
8779,8
8780,13
8781,13
8782,7
8783,10
8784,11
8785,7
8786,12
8787,5
8788,11
8789,10
8790,13
8791,11
8792,9
8793,7
8794,6
8795,5
8796,8
8797,10
8798,8
8799,7
8800,5
8801,10
8802,6
8803,6
8804,13
8805,11
8806,8
8807,11
8808,6
8809,13
8810,6
8811,13
8812,12
8813,7
8814,11
8815,9
8816,7
8817,10
8818,8
8819,9
8820,11
8821,11
8822,13
8823,5
8824,6
8825,12
8826,5
8827,11
8828,13
8829,13
8830,9
8831,12
8832,5
8833,12
8834,8
8835,12
8836,13
8837,13
8838,11
8839,6
8840,6
8841,12
8842,9
8843,7
8844,8
8845,11
8846,11
8847,9
8848,9
8849,6
8850,12
8851,7
8852,7
8853,10
8854,13
8855,11
8856,8
8857,5
8858,7
8859,6
8860,9
8861,5
8862,5
8863,5
8864,8
8865,9
8866,11
8867,12
8868,7
8869,9
8870,11
8871,13
8872,6
8873,7
8874,9
8875,7
8876,9
8877,7
8878,10
8879,7
8880,10
8881,10
8882,12
8883,11
8884,6
8885,11
8886,11
8887,6
8888,6
8889,12
8890,7
8891,8
8892,9
8893,5
8894,8
8895,10
8896,11
8897,7
8898,10
8899,13
8900,6
8901,12
8902,13
8903,10
8904,8
8905,13
8906,8
8907,12
8908,5
8909,10
8910,9
8911,13
8912,11
8913,12
8914,12
8915,12
8916,13
8917,9
8918,9
8919,11
8920,5
8921,8
8922,11
8923,9
8924,5
8925,10
8926,9
8927,8
8928,6
8929,8
8930,5
8931,12
8932,9
8933,11
8934,12
8935,6
8936,9
8937,12
8938,5
8939,8
8940,12
8941,11
8942,10
8943,5
8944,12
8945,13
8946,10
8947,10
8948,6
8949,5
8950,9
8951,5
8952,13
8953,11
8954,10
8955,5
8956,5
8957,9
8958,10
8959,12
8960,10
8961,13
8962,13
8963,7
8964,7
8965,6
8966,12
8967,6
8968,5
8969,7
8970,6
8971,6
8972,11
8973,9
8974,5
8975,6
8976,13
8977,5
8978,12
8979,8
8980,9
8981,8
8982,7
8983,5
8984,9
8985,11
8986,6
8987,8
8988,11
8989,7
8990,5
8991,9
8992,12
8993,8
8994,11
8995,11
8996,10
8997,11
8998,8
8999,10
9000,13
9001,9
9002,6
9003,9
9004,9
9005,7
9006,12
9007,13
9008,13
9009,9
9010,12
9011,9
9012,5
9013,11
9014,13
9015,9
9016,8
9017,10
9018,12
9019,9
9020,10
9021,13
9022,9
9023,8
9024,11
9025,12
9026,5
9027,9
9028,10
9029,10
9030,6
9031,5
9032,6
9033,7
9034,9
9035,5
9036,13
9037,12
9038,5
9039,11
9040,11
9041,12
9042,10
9043,13
9044,13
9045,8
9046,13
9047,8
9048,9
9049,13
9050,10
9051,6
9052,6
9053,11
9054,13
9055,10
9056,5
9057,9
9058,10
9059,6
9060,9
9061,11
9062,8
9063,12
9064,7
9065,5
9066,11
9067,8
9068,10
9069,8
9070,9
9071,8
9072,10
9073,13
9074,8
9075,11
9076,8
9077,7
9078,6
9079,11
9080,6
9081,5
9082,5
9083,11
9084,10
9085,13
9086,9
9087,5
9088,8
9089,8
9090,8
9091,13
9092,11
9093,9
9094,9
9095,7
9096,13
9097,9
9098,13
9099,11
9100,5
9101,11
9102,12
9103,9
9104,10
9105,8
9106,10
9107,10
9108,7
9109,7
9110,10
9111,13
9112,12
9113,5
9114,6
9115,7
9116,11
9117,13
9118,12
9119,5
9120,12
9121,5
9122,9
9123,8
9124,6
9125,7
9126,8
9127,11
9128,6
9129,10
9130,8
9131,8
9132,10
9133,5
9134,11
9135,13
9136,6
9137,8
9138,12
9139,7
9140,13
9141,5
9142,8
9143,9
9144,11
9145,13
9146,5
9147,9
9148,12
9149,6
9150,5
9151,13
9152,12
9153,12
9154,6
9155,13
9156,7
9157,11
9158,10
9159,13
9160,5
9161,6
9162,13
9163,7
9164,5
9165,7
9166,6
9167,9
9168,13
9169,13
9170,9
9171,5
9172,8
9173,8
9174,11
9175,7
9176,7
9177,9
9178,12
9179,7
9180,6
9181,6
9182,6
9183,12
9184,13
9185,10
9186,11
9187,13
9188,11
9189,8
9190,6
9191,5
9192,10
9193,7
9194,9
9195,5
9196,8
9197,11
9198,9
9199,13
9200,8
9201,13
9202,9
9203,8
9204,5
9205,9
9206,10
9207,5
9208,10
9209,8
9210,5
9211,7
9212,7
9213,10
9214,12
9215,6
9216,13
9217,7
9218,12
9219,12
9220,10
9221,6
9222,10
9223,13
9224,5
9225,8
9226,10
9227,12
9228,13
9229,5
9230,8
9231,13
9232,6
9233,9
9234,13
9235,10
9236,9
9237,11
9238,7
9239,8
9240,5
9241,11
9242,9
9243,8
9244,11
9245,6
9246,13
9247,12
9248,12
9249,10
9250,6
9251,13
9252,7
9253,13
9254,13
9255,11
9256,9
9257,7
9258,5
9259,5
9260,7
9261,8
9262,9
9263,10
9264,11
9265,10
9266,9
9267,13
9268,12
9269,10
9270,9
9271,11
9272,8
9273,8
9274,11
9275,11
9276,10
9277,12
9278,5
9279,12
9280,13
9281,7
9282,11
9283,8
9284,8
9285,12
9286,5
9287,12
9288,13
9289,6
9290,11
9291,6
9292,7
9293,8
9294,5
9295,12
9296,13
9297,9
9298,9
9299,11
9300,6
9301,10
9302,6
9303,12
9304,5
9305,10
9306,11
9307,9
9308,13
9309,12
9310,5
9311,9
9312,9
9313,7
9314,12
9315,5
9316,8
9317,13
9318,12
9319,11
9320,6
9321,7
9322,9
9323,11
9324,10
9325,5
9326,6
9327,12
9328,9
9329,11
9330,8
9331,11
9332,9
9333,11
9334,7
9335,6
9336,9
9337,13
9338,6
9339,5
9340,10
9341,12
9342,13
9343,7
9344,10
9345,13
9346,8
9347,7
9348,7
9349,8
9350,7
9351,12
9352,7
9353,10
9354,7
9355,6
9356,7
9357,6
9358,5
9359,13
9360,12
9361,5
9362,7
9363,10
9364,12
9365,12
9366,12
9367,5
9368,7
9369,6
9370,9
9371,11
9372,6
9373,13
9374,7
9375,10
9376,12
9377,7
9378,12
9379,7
9380,5
9381,13
9382,8
9383,6
9384,6
9385,12
9386,13
9387,9
9388,13
9389,5
9390,6
9391,7
9392,10
9393,13
9394,10
9395,11
9396,12
9397,10
9398,8
9399,8
9400,9
9401,12
9402,7
9403,6
9404,5
9405,8
9406,13
9407,5
9408,10
9409,7
9410,6
9411,13
9412,5
9413,7
9414,6
9415,10
9416,10
9417,8
9418,12
9419,7
9420,10
9421,11
9422,13
9423,10
9424,11
9425,13
9426,12
9427,6
9428,11
9429,8
9430,5
9431,7
9432,11
9433,12
9434,5
9435,9
9436,7
9437,6
9438,11
9439,6
9440,10
9441,10
9442,5
9443,7
9444,7
9445,7
9446,10
9447,12
9448,13
9449,6
9450,11
9451,11
9452,8
9453,7
9454,5
9455,5
9456,5
9457,11
9458,10
9459,13
9460,7
9461,13
9462,9
9463,12
9464,8
9465,9
9466,10
9467,8
9468,9
9469,11
9470,9
9471,8
9472,11
9473,6
9474,9
9475,11
9476,7
9477,9
9478,10
9479,7
9480,5
9481,7
9482,9
9483,6
9484,9
9485,11
9486,8
9487,11
9488,12
9489,13
9490,5
9491,6
9492,12
9493,10
9494,8
9495,8
9496,12
9497,13
9498,5
9499,10
9500,7
9501,11
9502,5
9503,13
9504,13
9505,13
9506,12
9507,10
9508,12
9509,13
9510,6
9511,9
9512,9
9513,6
9514,5
9515,5
9516,11
9517,7
9518,6
9519,5
9520,5
9521,8
9522,10
9523,6
9524,9
9525,5
9526,9
9527,5
9528,6
9529,8
9530,11
9531,13
9532,8
9533,13
9534,7
9535,6
9536,12
9537,11
9538,10
9539,9
9540,7
9541,5
9542,11
9543,8
9544,6
9545,6
9546,13
9547,12
9548,9
9549,11
9550,8
9551,12
9552,9
9553,11
9554,13
9555,13
9556,12
9557,13
9558,5
9559,6
9560,13
9561,8
9562,11
9563,6
9564,7
9565,5
9566,9
9567,6
9568,8
9569,13
9570,6
9571,11
9572,10
9573,8
9574,5
9575,5
9576,12
9577,5
9578,12
9579,8
9580,6
9581,13
9582,10
9583,10
9584,9
9585,6
9586,8
9587,6
9588,6
9589,13
9590,8
9591,13
9592,13
9593,11
9594,8
9595,6
9596,12
9597,12
9598,7
9599,8
9600,5
9601,11
9602,7
9603,13
9604,12
9605,5
9606,6
9607,5
9608,6
9609,11
9610,7
9611,13
9612,10
9613,13
9614,9
9615,10
9616,8
9617,7
9618,11
9619,7
9620,12
9621,13
9622,12
9623,9
9624,8
9625,10
9626,6
9627,8
9628,12
9629,7
9630,13
9631,13
9632,6
9633,7
9634,5
9635,8
9636,11
9637,8
9638,10
9639,8
9640,11
9641,13
9642,10
9643,6
9644,9
9645,6
9646,5
9647,9
9648,6
9649,12
9650,7
9651,11
9652,9
9653,6
9654,5
9655,5
9656,7
9657,5
9658,12
9659,6
9660,7
9661,7
9662,5
9663,5
9664,12
9665,9
9666,10
9667,6
9668,5
9669,5
9670,6
9671,13
9672,9
9673,12
9674,10
9675,11
9676,10
9677,10
9678,13
9679,8
9680,5
9681,13
9682,9
9683,6
9684,13
9685,8
9686,8
9687,12
9688,5
9689,10
9690,8
9691,6
9692,13
9693,11
9694,9
9695,11
9696,10
9697,5
9698,8
9699,8
9700,11
9701,5
9702,6
9703,10
9704,9
9705,6
9706,8
9707,10
9708,8
9709,11
9710,9
9711,6
9712,10
9713,8
9714,8
9715,13
9716,8
9717,6
9718,5
9719,12
9720,13
9721,6
9722,10
9723,11
9724,12
9725,13
9726,12
9727,8
9728,11
9729,8
9730,13
9731,11
9732,9
9733,10
9734,6
9735,6
9736,5
9737,12
9738,12
9739,5
9740,7
9741,9
9742,5
9743,13
9744,8
9745,7
9746,13
9747,8
9748,8
9749,13
9750,10
9751,11
9752,10
9753,13
9754,10
9755,8
9756,12
9757,11
9758,5
9759,13
9760,7
9761,10
9762,7
9763,12
9764,12
9765,12
9766,6
9767,7
9768,5
9769,10
9770,9
9771,9
9772,5
9773,8
9774,6
9775,7
9776,13
9777,8
9778,10
9779,11
9780,6
9781,7
9782,12
9783,6
9784,8
9785,10
9786,11
9787,7
9788,9
9789,13
9790,8
9791,12
9792,13
9793,13
9794,11
9795,7
9796,13
9797,7
9798,7
9799,7
9800,7
9801,6
9802,11
9803,5
9804,7
9805,5
9806,9
9807,6
9808,7
9809,5
9810,8
9811,6
9812,9
9813,11
9814,5
9815,9
9816,6
9817,13
9818,7
9819,10
9820,9
9821,9
9822,6
9823,8
9824,13
9825,6
9826,11
9827,8
9828,5
9829,9
9830,6
9831,7
9832,13
9833,10
9834,9
9835,13
9836,10
9837,6
9838,5
9839,10
9840,11
9841,10
9842,9
9843,5
9844,8
9845,6
9846,6
9847,9
9848,5
9849,13
9850,11
9851,5
9852,12
9853,10
9854,6
9855,9
9856,8
9857,6
9858,10
9859,13
9860,10
9861,13
9862,7
9863,8
9864,12
9865,9
9866,5
9867,8
9868,5
9869,10
9870,10
9871,5
9872,6
9873,11
9874,8
9875,11
9876,13
9877,7
9878,9
9879,7
9880,7
9881,9
9882,5
9883,10
9884,12
9885,9
9886,11
9887,8
9888,11
9889,5
9890,12
9891,11
9892,9
9893,6
9894,6
9895,9
9896,6
9897,9
9898,13
9899,12
9900,11
9901,10
9902,8
9903,13
9904,8
9905,11
9906,13
9907,8
9908,8
9909,9
9910,6
9911,9
9912,12
9913,5
9914,5
9915,11
9916,13
9917,7
9918,5
9919,10
9920,12
9921,5
9922,5
9923,12
9924,7
9925,9
9926,6
9927,11
9928,12
9929,11
9930,11
9931,5
9932,13
9933,6
9934,7
9935,10
9936,5
9937,7
9938,8
9939,7
9940,7
9941,7
9942,5
9943,10
9944,7
9945,11
9946,9
9947,12
9948,11
9949,7
9950,11
9951,13
9952,6
9953,8
9954,11
9955,10
9956,10
9957,7
9958,11
9959,6
9960,7
9961,11
9962,11
9963,7
9964,7
9965,7
9966,11
9967,12
9968,8
9969,8
9970,9
9971,8
9972,9
9973,9
9974,6
9975,10
9976,13
9977,7
9978,12
9979,11
9980,5
9981,7
9982,12
9983,13
9984,12
9985,5
9986,11
9987,7
9988,6
9989,10
9990,11
9991,8
9992,5
9993,12
9994,13
9995,12
9996,9
9997,11
9998,6
9999,6
